Timestamp,What is your age?,What is your gender identification?,Which major competitive exam are you primarily preparing for / have taken?,How many times have you attempted this specific competitive exam?,How would you describe your score/performance in your most recent attempt?,"If you comfortable sharing, what was your approximate percentile or score range in your last attempt? (out of 100)","On average, how many hours per day do you dedicate to self-study and classes?",How many hours of sleep do you get on an average night during peak exam preparation?,What is your primary method of test preparation?,"On a scale of 1 to 10, how would you rate your overall daily stress level during the exam preparation phase?",Have you experienced any of the following physical or emotional symptoms regularly during your preparation? ,What do you feel is the primary source of your competitive exam stress?,Do you feel that your academic institution or coaching center provides adequate mental health or counseling support?,Column 14,Column 15,Column 16
01/06/2026 12:00:06,18 – 20,Male,Engineering Entrance,1st attempt (First-timer),Excellent (Cleared the exam / Achieved target cutoff),98.67,7-11 hours,5-6 hours,Offline physical coaching institutes / bootcamps,8,"Chronic sleep deprivation / Insomnia, Severe social isolation (cutting off friends/family), Frequent headaches or physical fatigue, Sudden mood swings or panic attacks, Imposter syndrome (feeling like you aren't smart enough)","Fear of failure / wasting years of preparation, Family expectations and societal pressure, Seeing peers move ahead in life, Financial strain (high cost of coaching/living)",,,,
01/06/2026 13:33:10,24-26,Male,Civil Services / Government Exams,3rd attempt,Below Average (Did not qualify),,4-7 hours,less than 5 hours,Online coaching apps / recorded platforms,8,"Chronic sleep deprivation / Insomnia, Imposter syndrome (feeling like you aren't smart enough)","Family expectations and societal pressure, Seeing peers move ahead in life",,,,
01/06/2026 13:44:44,above 26,Male,Civil Services / Government Exams,1st attempt (First-timer),N/A (I am a first-time filer and haven't given the exam yet),,4-7 hours,7-8 hours,Online coaching apps / recorded platforms,1,None,For my life ,,,,
01/06/2026 13:53:13,18 – 20,Female,Engineering Entrance,1st attempt (First-timer),Excellent (Cleared the exam / Achieved target cutoff),,7-11 hours,less than 5 hours,Self-study entirely,10,None,Fear of failure / wasting years of preparation,,,,
01/06/2026 13:54:01,21-23,Female,Engineering Entrance,1st attempt (First-timer),"Average (Passed, but did not achieve the required cutoff/rank)",Na,4-7 hours,5-6 hours,Self-study entirely,5,None,Family expectations and societal pressure,,,,
01/06/2026 13:58:33,18 – 20,Female,Engineering Entrance,1st attempt (First-timer),"Average (Passed, but did not achieve the required cutoff/rank)",96,less than 4,5-6 hours,Self-study entirely,5,"Severe social isolation (cutting off friends/family), Imposter syndrome (feeling like you aren't smart enough)","Family expectations and societal pressure, Seeing peers move ahead in life",,,,
01/06/2026 14:06:27,18 – 20,Male,"Engineering Entrance, Management / Graduate Admissions (e.g., CAT, GATE, GRE, GMAT)",1st attempt (First-timer),"Average (Passed, but did not achieve the required cutoff/rank)",yah question mere relatives jaisa kyon sound kar raha hai ,4-7 hours,less than 5 hours,Online coaching apps / recorded platforms,10,"Chronic sleep deprivation / Insomnia, Severe social isolation (cutting off friends/family), Frequent headaches or physical fatigue, Sudden mood swings or panic attacks, Imposter syndrome (feeling like you aren't smart enough), anxiety ","Family expectations and societal pressure, Seeing peers move ahead in life",,,,
01/06/2026 14:29:24,24-26,Male,Engineering Entrance,1st attempt (First-timer),Below Average (Did not qualify),,4-7 hours,5-6 hours,Offline physical coaching institutes / bootcamps,6,Imposter syndrome (feeling like you aren't smart enough),"Fear of failure / wasting years of preparation, Family expectations and societal pressure, Seeing peers move ahead in life",,,,
01/06/2026 14:37:34,Under 18,Male,Engineering Entrance,1st attempt (First-timer),Below Average (Did not qualify),50,less than 4,more than 8 hours,Offline physical coaching institutes / bootcamps,5,When I try to study PCM I feel like I am wasting my time .,"Fear of failure / wasting years of preparation, Family expectations and societal pressure, Seeing peers move ahead in life, Financial strain (high cost of coaching/living)",,,,
01/06/2026 14:42:23,21-23,Female,Medical Entrance,2nd attempt,"Average (Passed, but did not achieve the required cutoff/rank)",No I’m not comfortable ,7-11 hours,5-6 hours,Online coaching apps / recorded platforms,8,"Severe social isolation (cutting off friends/family), Frequent headaches or physical fatigue, Sudden mood swings or panic attacks, Imposter syndrome (feeling like you aren't smart enough)",Family expectations and societal pressure,,,,
01/06/2026 14:43:30,18 – 20,Male,"Management / Graduate Admissions (e.g., CAT, GATE, GRE, GMAT)",1st attempt (First-timer),N/A (I am a first-time filer and haven't given the exam yet),,less than 4,5-6 hours,Online coaching apps / recorded platforms,8,None,Fear of failure / wasting years of preparation,,,,
01/06/2026 15:05:13,Under 18,Male,Engineering Entrance,1st attempt (First-timer),N/A (I am a first-time filer and haven't given the exam yet),,less than 4,less than 5 hours,Self-study entirely,10,"Chronic sleep deprivation / Insomnia, Severe social isolation (cutting off friends/family), Frequent headaches or physical fatigue, Sudden mood swings or panic attacks, Imposter syndrome (feeling like you aren't smart enough)","Family expectations and societal pressure, Seeing peers move ahead in life",,,,
01/06/2026 15:53:29,18 – 20,Male,Engineering Entrance,2nd attempt,"Average (Passed, but did not achieve the required cutoff/rank)",92.1,4-7 hours,less than 5 hours,Self-study entirely,8,None,Fear of failure / wasting years of preparation,,,,
01/06/2026 18:33:20,18 – 20,Female,Engineering Entrance,1st attempt (First-timer),"Average (Passed, but did not achieve the required cutoff/rank)",80,7-11 hours,less than 5 hours,Self-study entirely,9,"Chronic sleep deprivation / Insomnia, Severe social isolation (cutting off friends/family), Imposter syndrome (feeling like you aren't smart enough)","Fear of failure / wasting years of preparation, Family expectations and societal pressure",,,,
01/06/2026 18:34:53,21-23,Male,Engineering Entrance,1st attempt (First-timer),"Average (Passed, but did not achieve the required cutoff/rank)",78,12+ hours,less than 5 hours,Online coaching apps / recorded platforms,5,Frequent headaches or physical fatigue,Fear of failure / wasting years of preparation,,,,
01/06/2026 18:39:22,18 – 20,Female,Medical Entrance,2nd attempt,"Average (Passed, but did not achieve the required cutoff/rank)",,4-7 hours,5-6 hours,Online coaching apps / recorded platforms,6,"Severe social isolation (cutting off friends/family), Sudden mood swings or panic attacks",Family expectations and societal pressure,,,,
01/06/2026 18:39:26,18 – 20,Female,"Management / Graduate Admissions (e.g., CAT, GATE, GRE, GMAT)",1st attempt (First-timer),N/A (I am a first-time filer and haven't given the exam yet),,less than 4,less than 5 hours,Self-study entirely,5,"Chronic sleep deprivation / Insomnia, Frequent headaches or physical fatigue, Imposter syndrome (feeling like you aren't smart enough)","Fear of failure / wasting years of preparation, Family expectations and societal pressure, Seeing peers move ahead in life",,,,
01/06/2026 18:40:08,18 – 20,Female,Engineering Entrance,1st attempt (First-timer),Excellent (Cleared the exam / Achieved target cutoff),Decent enough to get proper seat.,4-7 hours,5-6 hours,Self-study entirely,8,Imposter syndrome (feeling like you aren't smart enough),"Fear of failure / wasting years of preparation, Family expectations and societal pressure, Seeing peers move ahead in life",,,,
01/06/2026 18:40:13,18 – 20,Female,Engineering Entrance,2nd attempt,"Average (Passed, but did not achieve the required cutoff/rank)",,4-7 hours,7-8 hours,Online coaching apps / recorded platforms,7,"Frequent headaches or physical fatigue, Sudden mood swings or panic attacks","Fear of failure / wasting years of preparation, Family expectations and societal pressure",,,,
01/06/2026 18:41:48,21-23,Female,"Medical Entrance, Other~",2nd attempt,"Average (Passed, but did not achieve the required cutoff/rank)",,4-7 hours,7-8 hours,Offline physical coaching institutes / bootcamps,5,"Severe social isolation (cutting off friends/family), Frequent headaches or physical fatigue, Imposter syndrome (feeling like you aren't smart enough)","Fear of failure / wasting years of preparation, Seeing peers move ahead in life",,,,
01/06/2026 18:43:28,18 – 20,Male,Engineering Entrance,2nd attempt,"Average (Passed, but did not achieve the required cutoff/rank)",65,less than 4,7-8 hours,Online coaching apps / recorded platforms,6,Sudden mood swings or panic attacks,"Fear of failure / wasting years of preparation, Family expectations and societal pressure",,,,
01/06/2026 19:11:24,18 – 20,Female,Other~,1st attempt (First-timer),"Average (Passed, but did not achieve the required cutoff/rank)",,less than 4,less than 5 hours,Online coaching apps / recorded platforms,10,"Chronic sleep deprivation / Insomnia, Severe social isolation (cutting off friends/family), Sudden mood swings or panic attacks, Imposter syndrome (feeling like you aren't smart enough)","Fear of failure / wasting years of preparation, Family expectations and societal pressure, Seeing peers move ahead in life",,,,
01/06/2026 19:14:33,18 – 20,Female,"Civil Services / Government Exams, Management / Graduate Admissions (e.g., CAT, GATE, GRE, GMAT)",1st attempt (First-timer),Below Average (Did not qualify),I don't remember ,less than 4,7-8 hours,Online coaching apps / recorded platforms,8,"Chronic sleep deprivation / Insomnia, Severe social isolation (cutting off friends/family), Frequent headaches or physical fatigue, Sudden mood swings or panic attacks","Fear of failure / wasting years of preparation, Family expectations and societal pressure, Seeing peers move ahead in life, Financial strain (high cost of coaching/living)",,,,
01/06/2026 19:15:44,18 – 20,Male,Medical Entrance,2nd attempt,Excellent (Cleared the exam / Achieved target cutoff),,7-11 hours,7-8 hours,Offline physical coaching institutes / bootcamps,8,"Severe social isolation (cutting off friends/family), Sudden mood swings or panic attacks, Imposter syndrome (feeling like you aren't smart enough)",Family expectations and societal pressure,,,,
01/06/2026 19:19:10,Under 18,Male,Engineering Entrance,1st attempt (First-timer),"Average (Passed, but did not achieve the required cutoff/rank)",80,less than 4,less than 5 hours,Online coaching apps / recorded platforms,9,"Chronic sleep deprivation / Insomnia, Severe social isolation (cutting off friends/family), Frequent headaches or physical fatigue, Sudden mood swings or panic attacks, Imposter syndrome (feeling like you aren't smart enough)","Fear of failure / wasting years of preparation, Family expectations and societal pressure, Seeing peers move ahead in life, Financial strain (high cost of coaching/living)",,,,
01/06/2026 19:20:45,Under 18,Male,Other~,4 or more attempts,Excellent (Cleared the exam / Achieved target cutoff),1E+30,less than 4,more than 8 hours,Self-study entirely,1,"Chronic sleep deprivation / Insomnia, Severe social isolation (cutting off friends/family), Frequent headaches or physical fatigue, Sudden mood swings or panic attacks, Imposter syndrome (feeling like you aren't smart enough), None, Form acche se banao","Fear of failure / wasting years of preparation, Family expectations and societal pressure, Seeing peers move ahead in life, Financial strain (high cost of coaching/living), Pata nai",,,,
01/06/2026 19:25:03,18 – 20,Female,Civil Services / Government Exams,1st attempt (First-timer),"Average (Passed, but did not achieve the required cutoff/rank)",,7-11 hours,less than 5 hours,Online coaching apps / recorded platforms,5,"Chronic sleep deprivation / Insomnia, Severe social isolation (cutting off friends/family), Frequent headaches or physical fatigue","Fear of failure / wasting years of preparation, Family expectations and societal pressure, Financial strain (high cost of coaching/living)",,,,
01/06/2026 19:27:46,21-23,Female,Engineering Entrance,1st attempt (First-timer),"Average (Passed, but did not achieve the required cutoff/rank)",77,less than 4,5-6 hours,Self-study entirely,5,"Chronic sleep deprivation / Insomnia, Frequent headaches or physical fatigue, Imposter syndrome (feeling like you aren't smart enough)",Financial strain (high cost of coaching/living),,,,
01/06/2026 19:40:34,18 – 20,Female,Medical Entrance,1st attempt (First-timer),Below Average (Did not qualify),,4-7 hours,5-6 hours,Self-study entirely,10,"Chronic sleep deprivation / Insomnia, Severe social isolation (cutting off friends/family), Frequent headaches or physical fatigue, Sudden mood swings or panic attacks, Imposter syndrome (feeling like you aren't smart enough)","Fear of failure / wasting years of preparation, Family expectations and societal pressure, Financial strain (high cost of coaching/living)",,,,
01/06/2026 20:01:08,18 – 20,Male,Engineering Entrance,1st attempt (First-timer),Excellent (Cleared the exam / Achieved target cutoff),98.22 %ile,12+ hours,less than 5 hours,Offline physical coaching institutes / bootcamps,10,"Chronic sleep deprivation / Insomnia, Severe social isolation (cutting off friends/family), Frequent headaches or physical fatigue, Sudden mood swings or panic attacks, Imposter syndrome (feeling like you aren't smart enough)","Fear of failure / wasting years of preparation, Family expectations and societal pressure, Seeing peers move ahead in life, Financial strain (high cost of coaching/living)",,,,
01/06/2026 20:04:15,Under 18,Female,Engineering Entrance,1st attempt (First-timer),"Average (Passed, but did not achieve the required cutoff/rank)",,4-7 hours,less than 5 hours,Offline physical coaching institutes / bootcamps,6,None,Fear of failure / wasting years of preparation,,,,
01/06/2026 20:04:55,21-23,Male,Engineering Entrance,4 or more attempts,"Average (Passed, but did not achieve the required cutoff/rank)",100,less than 4,more than 8 hours,Self-study entirely,5,None,Fear of failure / wasting years of preparation,,,,
01/06/2026 20:05:41,Under 18,Others,"Engineering Entrance, Management / Graduate Admissions (e.g., CAT, GATE, GRE, GMAT), Other~",1st attempt (First-timer),"Average (Passed, but did not achieve the required cutoff/rank)",82-83,7-11 hours,7-8 hours,Offline physical coaching institutes / bootcamps,7,"Chronic sleep deprivation / Insomnia, Severe social isolation (cutting off friends/family), Frequent headaches or physical fatigue, Sudden mood swings or panic attacks, Imposter syndrome (feeling like you aren't smart enough)","Fear of failure / wasting years of preparation, Family expectations and societal pressure",,,,
01/06/2026 20:07:11,21-23,Male,"Medical Entrance, Civil Services / Government Exams, Management / Graduate Admissions (e.g., CAT, GATE, GRE, GMAT)",1st attempt (First-timer),"Average (Passed, but did not achieve the required cutoff/rank)",80,4-7 hours,5-6 hours,Online coaching apps / recorded platforms,7,None,"Fear of failure / wasting years of preparation, Family expectations and societal pressure, Seeing peers move ahead in life",,,,
01/06/2026 20:17:50,Under 18,Male,Other~,1st attempt (First-timer),"Average (Passed, but did not achieve the required cutoff/rank)",77,less than 4,7-8 hours,Offline physical coaching institutes / bootcamps,7,"Severe social isolation (cutting off friends/family), Frequent headaches or physical fatigue, Imposter syndrome (feeling like you aren't smart enough)",Family expectations and societal pressure,,,,
01/06/2026 20:21:55,above 26,Male,Other~,1st attempt (First-timer),Excellent (Cleared the exam / Achieved target cutoff),95%,less than 4,7-8 hours,Self-study entirely,8,Chronic sleep deprivation / Insomnia,Family expectations and societal pressure,,,,
01/06/2026 20:26:46,18 – 20,Male,Engineering Entrance,1st attempt (First-timer),"Average (Passed, but did not achieve the required cutoff/rank)",91,4-7 hours,5-6 hours,Offline physical coaching institutes / bootcamps,7,"Chronic sleep deprivation / Insomnia, Imposter syndrome (feeling like you aren't smart enough)","Fear of failure / wasting years of preparation, Family expectations and societal pressure",,,,
01/06/2026 20:28:37,above 26,Male,Other~,4 or more attempts,N/A (I am a first-time filer and haven't given the exam yet),30%,less than 4,less than 5 hours,Self-study entirely,2,None,Financial strain (high cost of coaching/living),,,,
01/06/2026 20:28:42,Under 18,Prefer not to say,Other~,4 or more attempts,"Average (Passed, but did not achieve the required cutoff/rank)",,less than 4,less than 5 hours,Online coaching apps / recorded platforms,10,Imposter syndrome (feeling like you aren't smart enough),Fear of failure / wasting years of preparation,,,,
01/06/2026 20:30:18,21-23,Male,"Management / Graduate Admissions (e.g., CAT, GATE, GRE, GMAT)",1st attempt (First-timer),N/A (I am a first-time filer and haven't given the exam yet),,4-7 hours,5-6 hours,Self-study entirely,5,None,"Fear of failure / wasting years of preparation, Family expectations and societal pressure, Seeing peers move ahead in life, Financial strain (high cost of coaching/living)",,,,
01/06/2026 20:30:25,above 26,Male,Other~,4 or more attempts,Below Average (Did not qualify),10%,less than 4,less than 5 hours,Self-study entirely,1,None,Fear of failure / wasting years of preparation,,,,
01/06/2026 20:31:21,above 26,Female,Other~,1st attempt (First-timer),N/A (I am a first-time filer and haven't given the exam yet),,4-7 hours,5-6 hours,Self-study entirely,1,None,,,,,
01/06/2026 20:31:24,above 26,Male,"Engineering Entrance, Management / Graduate Admissions (e.g., CAT, GATE, GRE, GMAT)",1st attempt (First-timer),Excellent (Cleared the exam / Achieved target cutoff),78,7-11 hours,7-8 hours,Self-study entirely,3,None,"Fear of failure / wasting years of preparation, Family expectations and societal pressure, Seeing peers move ahead in life, Financial strain (high cost of coaching/living)",,,,
01/06/2026 20:32:47,above 26,Male,"Engineering Entrance, Management / Graduate Admissions (e.g., CAT, GATE, GRE, GMAT), Other~",2nd attempt,Excellent (Cleared the exam / Achieved target cutoff),80,7-11 hours,more than 8 hours,Self-study entirely,5,"Imposter syndrome (feeling like you aren't smart enough), None","Fear of failure / wasting years of preparation, Family expectations and societal pressure, Seeing peers move ahead in life, Financial strain (high cost of coaching/living)",,,,
01/06/2026 20:32:51,above 26,Male,Other~,4 or more attempts,Below Average (Did not qualify),,less than 4,less than 5 hours,Self-study entirely,1,None,Fear of failure / wasting years of preparation,,,,
01/06/2026 20:34:25,above 26,Male,Engineering Entrance,1st attempt (First-timer),"Average (Passed, but did not achieve the required cutoff/rank)",,4-7 hours,7-8 hours,Self-study entirely,8,Imposter syndrome (feeling like you aren't smart enough),"Fear of failure / wasting years of preparation, Family expectations and societal pressure",,,,
01/06/2026 20:38:52,24-26,Male,"Civil Services / Government Exams, Other~",1st attempt (First-timer),"Average (Passed, but did not achieve the required cutoff/rank)",,less than 4,less than 5 hours,Online coaching apps / recorded platforms,9,"Frequent headaches or physical fatigue, Sudden mood swings or panic attacks, Imposter syndrome (feeling like you aren't smart enough)","Fear of failure / wasting years of preparation, Family expectations and societal pressure",,,,
01/06/2026 20:40:04,18 – 20,Female,Other~,2nd attempt,N/A (I am a first-time filer and haven't given the exam yet),,12+ hours,less than 5 hours,Self-study entirely,9,,Fear of failure / wasting years of preparation,,,,
01/06/2026 20:46:22,18 – 20,Male,Civil Services / Government Exams,2nd attempt,"Average (Passed, but did not achieve the required cutoff/rank)",60,4-7 hours,5-6 hours,Online coaching apps / recorded platforms,6,None,Fear of failure / wasting years of preparation,,,,
01/06/2026 20:46:28,21-23,Male,Other~,1st attempt (First-timer),"Average (Passed, but did not achieve the required cutoff/rank)",70,4-7 hours,7-8 hours,Self-study entirely,5,Sudden mood swings or panic attacks,Family expectations and societal pressure,,,,
01/06/2026 20:46:34,18 – 20,Male,Engineering Entrance,2nd attempt,"Average (Passed, but did not achieve the required cutoff/rank)",No,4-7 hours,5-6 hours,Online coaching apps / recorded platforms,10,None,Seeing peers move ahead in life,,,,
01/06/2026 20:47:37,18 – 20,Male,Engineering Entrance,1st attempt (First-timer),Excellent (Cleared the exam / Achieved target cutoff),,less than 4,more than 8 hours,Self-study entirely,1,Chronic sleep deprivation / Insomnia,"Family expectations and societal pressure, Seeing peers move ahead in life",,,,
01/06/2026 20:48:28,18 – 20,Male,Engineering Entrance,1st attempt (First-timer),Excellent (Cleared the exam / Achieved target cutoff),99.889987,less than 4,more than 8 hours,Self-study entirely,10,Chronic sleep deprivation / Insomnia,Seeing peers move ahead in life,,,,
01/06/2026 20:49:14,24-26,Male,Other~,1st attempt (First-timer),"Average (Passed, but did not achieve the required cutoff/rank)",40,less than 4,5-6 hours,Self-study entirely,4,Chronic sleep deprivation / Insomnia,Family expectations and societal pressure,,,,
01/06/2026 20:51:08,21-23,Male,Engineering Entrance,1st attempt (First-timer),Below Average (Did not qualify),,less than 4,7-8 hours,Self-study entirely,2,None,Family expectations and societal pressure,,,,
01/06/2026 20:52:17,18 – 20,Male,Engineering Entrance,1st attempt (First-timer),Excellent (Cleared the exam / Achieved target cutoff),,7-11 hours,7-8 hours,Self-study entirely,3,None,7,,,,
01/06/2026 20:54:08,21-23,Female,"Management / Graduate Admissions (e.g., CAT, GATE, GRE, GMAT)",2nd attempt,"Average (Passed, but did not achieve the required cutoff/rank)",,4-7 hours,5-6 hours,Online coaching apps / recorded platforms,9,"Chronic sleep deprivation / Insomnia, Severe social isolation (cutting off friends/family), Frequent headaches or physical fatigue, Sudden mood swings or panic attacks, Imposter syndrome (feeling like you aren't smart enough)","Fear of failure / wasting years of preparation, Family expectations and societal pressure, Seeing peers move ahead in life, Financial strain (high cost of coaching/living)",,,,
01/06/2026 20:55:17,21-23,Female,"Management / Graduate Admissions (e.g., CAT, GATE, GRE, GMAT)",1st attempt (First-timer),"Average (Passed, but did not achieve the required cutoff/rank)",,7-11 hours,7-8 hours,Online coaching apps / recorded platforms,7,Imposter syndrome (feeling like you aren't smart enough),"Seeing peers move ahead in life, Financial strain (high cost of coaching/living)",,,,
01/06/2026 21:00:36,18 – 20,Male,Other~,1st attempt (First-timer),N/A (I am a first-time filer and haven't given the exam yet),,4-7 hours,7-8 hours,Self-study entirely,6,Chronic sleep deprivation / Insomnia,Financial strain (high cost of coaching/living),,,,
01/06/2026 21:02:09,above 26,Female,Civil Services / Government Exams,2nd attempt,"Average (Passed, but did not achieve the required cutoff/rank)",Good,4-7 hours,5-6 hours,Self-study entirely,3,Frequent headaches or physical fatigue,Fear of failure / wasting years of preparation,,,,
01/06/2026 21:06:12,above 26,Female,"Medical Entrance, Other~",2nd attempt,"Average (Passed, but did not achieve the required cutoff/rank)",I have never seen the result,4-7 hours,5-6 hours,Self-study entirely,9,Chronic sleep deprivation / Insomnia,"Fear of failure / wasting years of preparation, Family expectations and societal pressure, Seeing peers move ahead in life",,,,
01/06/2026 21:07:07,24-26,Female,"Medical Entrance, Other~",1st attempt (First-timer),"Average (Passed, but did not achieve the required cutoff/rank)",60,4-7 hours,more than 8 hours,Self-study entirely,6,"Frequent headaches or physical fatigue, Sudden mood swings or panic attacks, Imposter syndrome (feeling like you aren't smart enough)","Fear of failure / wasting years of preparation, Seeing peers move ahead in life",,,,
01/06/2026 21:10:40,24-26,Female,Civil Services / Government Exams,4 or more attempts,"Average (Passed, but did not achieve the required cutoff/rank)",76/100,less than 4,5-6 hours,Online coaching apps / recorded platforms,10,"Chronic sleep deprivation / Insomnia, Frequent headaches or physical fatigue, Sudden mood swings or panic attacks, Imposter syndrome (feeling like you aren't smart enough)","Fear of failure / wasting years of preparation, Family expectations and societal pressure, Seeing peers move ahead in life",,,,
01/06/2026 21:12:55,24-26,Female,Medical Entrance,1st attempt (First-timer),Excellent (Cleared the exam / Achieved target cutoff),,less than 4,7-8 hours,Self-study entirely,8,Sudden mood swings or panic attacks,,,,,
01/06/2026 21:31:11,above 26,Female,"Medical Entrance, Other~",2nd attempt,Below Average (Did not qualify),45,less than 4,less than 5 hours,Self-study entirely,7,Frequent headaches or physical fatigue,Fear of failure / wasting years of preparation,,,,
01/06/2026 21:34:15,21-23,Male,"Management / Graduate Admissions (e.g., CAT, GATE, GRE, GMAT)",3rd attempt,Below Average (Did not qualify),,less than 4,7-8 hours,Online coaching apps / recorded platforms,2,Sudden mood swings or panic attacks,Family expectations and societal pressure,,,,
01/06/2026 21:34:17,21-23,Male,Other~,2nd attempt,Below Average (Did not qualify),I can't bcz I didn't prep for that I just went to check,less than 4,5-6 hours,Self-study entirely,7,"Chronic sleep deprivation / Insomnia, Imposter syndrome (feeling like you aren't smart enough)","Fear of failure / wasting years of preparation, Family expectations and societal pressure, Financial strain (high cost of coaching/living)",,,,
01/06/2026 21:36:44,24-26,Male,Medical Entrance,3rd attempt,Below Average (Did not qualify),,4-7 hours,7-8 hours,Online coaching apps / recorded platforms,4,Sudden mood swings or panic attacks,Seeing peers move ahead in life,,,,
01/06/2026 21:44:34,Under 18,Male,Engineering Entrance,1st attempt (First-timer),Excellent (Cleared the exam / Achieved target cutoff),99.47 percentile ,4-7 hours,5-6 hours,Online coaching apps / recorded platforms,7,"Imposter syndrome (feeling like you aren't smart enough), Self doubt, etc","Fear of failure / wasting years of preparation, Family expectations and societal pressure, Financial strain (high cost of coaching/living)",,,,
01/06/2026 21:45:30,above 26,Male,Other~,4 or more attempts,Below Average (Did not qualify),,4-7 hours,7-8 hours,Online coaching apps / recorded platforms,8,"Severe social isolation (cutting off friends/family), Imposter syndrome (feeling like you aren't smart enough), Feeling like worthless ",Fear of failure / wasting years of preparation,,,,
01/06/2026 21:49:33,18 – 20,Male,Engineering Entrance,2nd attempt,Below Average (Did not qualify),44,4-7 hours,less than 5 hours,Online coaching apps / recorded platforms,10,"Chronic sleep deprivation / Insomnia, Frequent headaches or physical fatigue","Fear of failure / wasting years of preparation, Financial strain (high cost of coaching/living)",,,,
01/06/2026 21:49:38,24-26,Female,"Management / Graduate Admissions (e.g., CAT, GATE, GRE, GMAT)",3rd attempt,Below Average (Did not qualify),,7-11 hours,more than 8 hours,Online coaching apps / recorded platforms,5,"Imposter syndrome (feeling like you aren't smart enough), None",Seeing peers move ahead in life,,,,
01/06/2026 21:50:20,21-23,Female,"Management / Graduate Admissions (e.g., CAT, GATE, GRE, GMAT)",1st attempt (First-timer),"Average (Passed, but did not achieve the required cutoff/rank)",70,4-7 hours,5-6 hours,Online coaching apps / recorded platforms,10,"Chronic sleep deprivation / Insomnia, Severe social isolation (cutting off friends/family), Frequent headaches or physical fatigue, Sudden mood swings or panic attacks",Fear of failure / wasting years of preparation,,,,
01/06/2026 21:51:31,18 – 20,Female,Other~,1st attempt (First-timer),N/A (I am a first-time filer and haven't given the exam yet),,less than 4,5-6 hours,Self-study entirely,7,"Severe social isolation (cutting off friends/family), Imposter syndrome (feeling like you aren't smart enough)","Fear of failure / wasting years of preparation, Family expectations and societal pressure, Seeing peers move ahead in life, Financial strain (high cost of coaching/living)",,,,
01/06/2026 21:52:52,Under 18,Male,Engineering Entrance,2nd attempt,Excellent (Cleared the exam / Achieved target cutoff),,4-7 hours,5-6 hours,Self-study entirely,8,Frequent headaches or physical fatigue,Fear of failure / wasting years of preparation,,,,
01/06/2026 21:55:33,18 – 20,Female,"Engineering Entrance, Other~",1st attempt (First-timer),Excellent (Cleared the exam / Achieved target cutoff),,12+ hours,less than 5 hours,Self-study entirely,8,"Chronic sleep deprivation / Insomnia, Severe social isolation (cutting off friends/family), Frequent headaches or physical fatigue, Sudden mood swings or panic attacks, Imposter syndrome (feeling like you aren't smart enough)","Fear of failure / wasting years of preparation, Family expectations and societal pressure, Financial strain (high cost of coaching/living)",,,,
01/06/2026 21:55:36,18 – 20,Female,Civil Services / Government Exams,2nd attempt,"Average (Passed, but did not achieve the required cutoff/rank)",,4-7 hours,7-8 hours,Online coaching apps / recorded platforms,7,"Frequent headaches or physical fatigue, Sudden mood swings or panic attacks","Fear of failure / wasting years of preparation, ",,,,
01/06/2026 22:04:05,21-23,Male,Engineering Entrance,1st attempt (First-timer),N/A (I am a first-time filer and haven't given the exam yet),,,,,8,"Chronic sleep deprivation / Insomnia, Imposter syndrome (feeling like you aren't smart enough)","Fear of failure / wasting years of preparation, Financial strain (high cost of coaching/living)",,,,
01/06/2026 22:04:08,21-23,Male,Engineering Entrance,2nd attempt,"Average (Passed, but did not achieve the required cutoff/rank)",,less than 4,less than 5 hours,Self-study entirely,1,Chronic sleep deprivation / Insomnia,Fear of failure / wasting years of preparation,,,,
01/06/2026 22:10:40,,Male,Engineering Entrance,1st attempt (First-timer),"Average (Passed, but did not achieve the required cutoff/rank)",,4-7 hours,5-6 hours,Self-study entirely,5,"Imposter syndrome (feeling like you aren't smart enough), None","Fear of failure / wasting years of preparation, Family expectations and societal pressure, Seeing peers move ahead in life",,,,
01/06/2026 22:24:02,18 – 20,Male,Engineering Entrance,1st attempt (First-timer),"Average (Passed, but did not achieve the required cutoff/rank)",No thank u,less than 4,less than 5 hours,Self-study entirely,6,None,Family expectations and societal pressure,,,,
01/06/2026 22:24:25,18 – 20,Male,Other~,1st attempt (First-timer),N/A (I am a first-time filer and haven't given the exam yet),,less than 4,less than 5 hours,Self-study entirely,9,Chronic sleep deprivation / Insomnia,Family expectations and societal pressure,,,,
01/06/2026 22:24:52,21-23,Female,Medical Entrance,1st attempt (First-timer),"Average (Passed, but did not achieve the required cutoff/rank)",.,less than 4,less than 5 hours,Self-study entirely,10,Frequent headaches or physical fatigue,"Fear of failure / wasting years of preparation, Family expectations and societal pressure",,,,
01/06/2026 22:36:19,21-23,Male,Engineering Entrance,1st attempt (First-timer),Excellent (Cleared the exam / Achieved target cutoff),Don't remember ,less than 4,7-8 hours,Self-study entirely,3,None,I never take stress,,,,
01/06/2026 22:48:25,above 26,Male,Other~,1st attempt (First-timer),N/A (I am a first-time filer and haven't given the exam yet),86,less than 4,less than 5 hours,Online coaching apps / recorded platforms,10,"Chronic sleep deprivation / Insomnia, Severe social isolation (cutting off friends/family), Frequent headaches or physical fatigue, Sudden mood swings or panic attacks, Imposter syndrome (feeling like you aren't smart enough)","Fear of failure / wasting years of preparation, Family expectations and societal pressure, Seeing peers move ahead in life, Financial strain (high cost of coaching/living)",,,,
01/06/2026 22:48:33,Under 18,Female,Other~,1st attempt (First-timer),"Average (Passed, but did not achieve the required cutoff/rank)",,less than 4,less than 5 hours,Self-study entirely,10,Chronic sleep deprivation / Insomnia,Sumit,,,,
01/06/2026 22:48:39,24-26,Female,Civil Services / Government Exams,1st attempt (First-timer),N/A (I am a first-time filer and haven't given the exam yet),,less than 4,5-6 hours,Self-study entirely,7,Chronic sleep deprivation / Insomnia,Fear of failure / wasting years of preparation,,,,
01/06/2026 22:55:27,Under 18,Male,Other~,1st attempt (First-timer),N/A (I am a first-time filer and haven't given the exam yet),,less than 4,7-8 hours,Self-study entirely,6,Chronic sleep deprivation / Insomnia,Financial strain (high cost of coaching/living),,,,
01/06/2026 23:04:12,18 – 20,Female,Engineering Entrance,1st attempt (First-timer),Below Average (Did not qualify),I think 65 percentile ,less than 4,5-6 hours,Offline physical coaching institutes / bootcamps,9,"Frequent headaches or physical fatigue, Sudden mood swings or panic attacks, Imposter syndrome (feeling like you aren't smart enough)","Fear of failure / wasting years of preparation, Family expectations and societal pressure, Seeing peers move ahead in life",,,,
01/06/2026 23:28:18,24-26,Female,Other~,1st attempt (First-timer),N/A (I am a first-time filer and haven't given the exam yet),,4-7 hours,7-8 hours,Self-study entirely,8,None,,,,,
01/06/2026 23:35:32,above 26,Female,"Civil Services / Government Exams, Management / Graduate Admissions (e.g., CAT, GATE, GRE, GMAT)",2nd attempt,Below Average (Did not qualify),not in mind ,4-7 hours,more than 8 hours,Offline physical coaching institutes / bootcamps,1,,,,,,
01/06/2026 23:46:44,18 – 20,Male,Engineering Entrance,1st attempt (First-timer),Below Average (Did not qualify),,4-7 hours,5-6 hours,Offline physical coaching institutes / bootcamps,8,"Chronic sleep deprivation / Insomnia, Severe social isolation (cutting off friends/family), Frequent headaches or physical fatigue, Sudden mood swings or panic attacks, Imposter syndrome (feeling like you aren't smart enough)","Fear of failure / wasting years of preparation, Family expectations and societal pressure, Seeing peers move ahead in life, Financial strain (high cost of coaching/living)",,,,
02/06/2026 00:08:41,Under 18,Female,Other~,1st attempt (First-timer),N/A (I am a first-time filer and haven't given the exam yet),Not given yet,less than 4,less than 5 hours,Online coaching apps / recorded platforms,8,None,"Fear of failure / wasting years of preparation, Family expectations and societal pressure, Seeing peers move ahead in life, Financial strain (high cost of coaching/living)",,,,
02/06/2026 01:34:38,18 – 20,Female,Engineering Entrance,1st attempt (First-timer),Below Average (Did not qualify),,less than 4,7-8 hours,Online coaching apps / recorded platforms,10,"Frequent headaches or physical fatigue, Sudden mood swings or panic attacks","Fear of failure / wasting years of preparation, Financial strain (high cost of coaching/living)",,,,
02/06/2026 05:54:57,21-23,Male,"Engineering Entrance, Management / Graduate Admissions (e.g., CAT, GATE, GRE, GMAT)",1st attempt (First-timer),"Average (Passed, but did not achieve the required cutoff/rank)",,less than 4,7-8 hours,Online coaching apps / recorded platforms,7,Imposter syndrome (feeling like you aren't smart enough),Fear of failure / wasting years of preparation,,,,
02/06/2026 06:03:31,18 – 20,Female,Civil Services / Government Exams,2nd attempt,"Average (Passed, but did not achieve the required cutoff/rank)",79%,4-7 hours,5-6 hours,Self-study entirely,8,"Severe social isolation (cutting off friends/family), Frequent headaches or physical fatigue, Imposter syndrome (feeling like you aren't smart enough)","Fear of failure / wasting years of preparation, Family expectations and societal pressure, Seeing peers move ahead in life, Financial strain (high cost of coaching/living)",,,,
02/06/2026 07:20:00,18 – 20,Female,Other~,2nd attempt,"Average (Passed, but did not achieve the required cutoff/rank)",74,7-11 hours,5-6 hours,Online coaching apps / recorded platforms,8,"Chronic sleep deprivation / Insomnia, Severe social isolation (cutting off friends/family), Imposter syndrome (feeling like you aren't smart enough)","Fear of failure / wasting years of preparation, Family expectations and societal pressure, Seeing peers move ahead in life",,,,
02/06/2026 08:16:58,18 – 20,Female,Other~,1st attempt (First-timer),"Average (Passed, but did not achieve the required cutoff/rank)",,4-7 hours,5-6 hours,Self-study entirely,4,Frequent headaches or physical fatigue,"Fear of failure / wasting years of preparation, Family expectations and societal pressure",,,,
02/06/2026 08:17:28,18 – 20,Male,Other~,1st attempt (First-timer),Excellent (Cleared the exam / Achieved target cutoff),No ,7-11 hours,7-8 hours,Self-study entirely,10,Sudden mood swings or panic attacks,Financial strain (high cost of coaching/living),,,,
02/06/2026 08:44:04,18 – 20,Male,Engineering Entrance,2nd attempt,Excellent (Cleared the exam / Achieved target cutoff),,4-7 hours,5-6 hours,Offline physical coaching institutes / bootcamps,10,"Chronic sleep deprivation / Insomnia, Severe social isolation (cutting off friends/family), Frequent headaches or physical fatigue, Sudden mood swings or panic attacks, Imposter syndrome (feeling like you aren't smart enough)","Fear of failure / wasting years of preparation, Family expectations and societal pressure, Seeing peers move ahead in life, Financial strain (high cost of coaching/living)",,,,
02/06/2026 08:45:40,21-23,Female,Civil Services / Government Exams,2nd attempt,"Average (Passed, but did not achieve the required cutoff/rank)",,4-7 hours,7-8 hours,Online coaching apps / recorded platforms,4,Frequent headaches or physical fatigue,Family expectations and societal pressure,,,,
02/06/2026 08:47:06,above 26,Male,Other~,4 or more attempts,Below Average (Did not qualify),,4-7 hours,less than 5 hours,Offline physical coaching institutes / bootcamps,3,Sudden mood swings or panic attacks,Financial strain (high cost of coaching/living),,,,
02/06/2026 08:49:37,Under 18,Male,"Management / Graduate Admissions (e.g., CAT, GATE, GRE, GMAT)",2nd attempt,"Average (Passed, but did not achieve the required cutoff/rank)",,4-7 hours,7-8 hours,Online coaching apps / recorded platforms,4,Imposter syndrome (feeling like you aren't smart enough),Fear of failure / wasting years of preparation,,,,
02/06/2026 08:49:38,21-23,Female,Medical Entrance,1st attempt (First-timer),"Average (Passed, but did not achieve the required cutoff/rank)",,4-7 hours,7-8 hours,Self-study entirely,5,Severe social isolation (cutting off friends/family),Seeing peers move ahead in life,,,,
02/06/2026 09:12:03,21-23,Female,Medical Entrance,4 or more attempts,Excellent (Cleared the exam / Achieved target cutoff),,12+ hours,5-6 hours,Offline physical coaching institutes / bootcamps,10,"Chronic sleep deprivation / Insomnia, Severe social isolation (cutting off friends/family), Imposter syndrome (feeling like you aren't smart enough)","Fear of failure / wasting years of preparation, Family expectations and societal pressure, Seeing peers move ahead in life, Financial strain (high cost of coaching/living)",,,,
02/06/2026 09:12:54,above 26,Male,Civil Services / Government Exams,3rd attempt,Excellent (Cleared the exam / Achieved target cutoff),,12+ hours,5-6 hours,Offline physical coaching institutes / bootcamps,10,,,,,,
02/06/2026 09:12:56,18 – 20,Male,Other~,1st attempt (First-timer),N/A (I am a first-time filer and haven't given the exam yet),,4-7 hours,5-6 hours,Online coaching apps / recorded platforms,7,Imposter syndrome (feeling like you aren't smart enough),Fear of failure / wasting years of preparation,,,,
02/06/2026 09:14:43,18 – 20,Male,"Management / Graduate Admissions (e.g., CAT, GATE, GRE, GMAT)",2nd attempt,Excellent (Cleared the exam / Achieved target cutoff),,4-7 hours,7-8 hours,Online coaching apps / recorded platforms,4,Severe social isolation (cutting off friends/family),,,,,
02/06/2026 09:14:42,21-23,Male,Engineering Entrance,1st attempt (First-timer),Excellent (Cleared the exam / Achieved target cutoff),98,12+ hours,more than 8 hours,Online coaching apps / recorded platforms,10,Imposter syndrome (feeling like you aren't smart enough),"Fear of failure / wasting years of preparation, Seeing peers move ahead in life",,,,
02/06/2026 09:15:57,21-23,Female,Civil Services / Government Exams,2nd attempt,Below Average (Did not qualify),,less than 4,more than 8 hours,Online coaching apps / recorded platforms,6,Frequent headaches or physical fatigue,Seeing peers move ahead in life,,,,
02/06/2026 09:15:58,18 – 20,Female,"Medical Entrance, Management / Graduate Admissions (e.g., CAT, GATE, GRE, GMAT)",1st attempt (First-timer),Below Average (Did not qualify),76,4-7 hours,7-8 hours,Offline physical coaching institutes / bootcamps,6,"Severe social isolation (cutting off friends/family), Frequent headaches or physical fatigue","Fear of failure / wasting years of preparation, Family expectations and societal pressure",,,,
02/06/2026 09:17:11,18 – 20,Female,Other~,3rd attempt,N/A (I am a first-time filer and haven't given the exam yet),,12+ hours,more than 8 hours,Offline physical coaching institutes / bootcamps,4,Severe social isolation (cutting off friends/family),Seeing peers move ahead in life,,,,
02/06/2026 09:18:07,above 26,Others,Medical Entrance,4 or more attempts,Below Average (Did not qualify),,7-11 hours,5-6 hours,Self-study entirely,3,Sudden mood swings or panic attacks,Family expectations and societal pressure,,,,
02/06/2026 09:18:13,21-23,Female,Engineering Entrance,1st attempt (First-timer),"Average (Passed, but did not achieve the required cutoff/rank)",Na,4-7 hours,5-6 hours,Self-study entirely,5,None,Family expectations and societal pressure,,,,
02/06/2026 09:18:54,18 – 20,Prefer not to say,Engineering Entrance,1st attempt (First-timer),Below Average (Did not qualify),,less than 4,less than 5 hours,Online coaching apps / recorded platforms,9,Imposter syndrome (feeling like you aren't smart enough),Family expectations and societal pressure,,,,
02/06/2026 09:19:44,21-23,Prefer not to say,"Management / Graduate Admissions (e.g., CAT, GATE, GRE, GMAT)",2nd attempt,Below Average (Did not qualify),,7-11 hours,7-8 hours,Online coaching apps / recorded platforms,2,Imposter syndrome (feeling like you aren't smart enough),Seeing peers move ahead in life,,,,
02/06/2026 09:20:50,24-26,Female,Other~,3rd attempt,Below Average (Did not qualify),,7-11 hours,5-6 hours,Self-study entirely,1,None,Financial strain (high cost of coaching/living),,,,
02/06/2026 09:21:49,24-26,Female,Medical Entrance,4 or more attempts,"Average (Passed, but did not achieve the required cutoff/rank)",,4-7 hours,5-6 hours,Offline physical coaching institutes / bootcamps,4,Frequent headaches or physical fatigue,Fear of failure / wasting years of preparation,,,,
02/06/2026 09:22:36,above 26,Prefer not to say,"Management / Graduate Admissions (e.g., CAT, GATE, GRE, GMAT)",1st attempt (First-timer),Excellent (Cleared the exam / Achieved target cutoff),,4-7 hours,7-8 hours,Online coaching apps / recorded platforms,4,Severe social isolation (cutting off friends/family),Family expectations and societal pressure,,,,
02/06/2026 09:23:14,24-26,Prefer not to say,"Management / Graduate Admissions (e.g., CAT, GATE, GRE, GMAT)",4 or more attempts,N/A (I am a first-time filer and haven't given the exam yet),,7-11 hours,less than 5 hours,Self-study entirely,7,Imposter syndrome (feeling like you aren't smart enough),Financial strain (high cost of coaching/living),,,,
02/06/2026 09:24:02,24-26,Male,Engineering Entrance,1st attempt (First-timer),"Average (Passed, but did not achieve the required cutoff/rank)",89.8,less than 4,7-8 hours,Online coaching apps / recorded platforms,8,"Sudden mood swings or panic attacks, Imposter syndrome (feeling like you aren't smart enough)","Fear of failure / wasting years of preparation, Family expectations and societal pressure, Seeing peers move ahead in life, Financial strain (high cost of coaching/living)",,,,
02/06/2026 09:24:37,21-23,Male,Medical Entrance,1st attempt (First-timer),N/A (I am a first-time filer and haven't given the exam yet),,less than 4,5-6 hours,Self-study entirely,6,"Frequent headaches or physical fatigue, Sudden mood swings or panic attacks, Imposter syndrome (feeling like you aren't smart enough)","Fear of failure / wasting years of preparation, Family expectations and societal pressure",,,,
02/06/2026 09:50:10,18 – 20,Female,Civil Services / Government Exams,1st attempt (First-timer),N/A (I am a first-time filer and haven't given the exam yet),,4-7 hours,5-6 hours,Self-study entirely,7,Sudden mood swings or panic attacks,Family expectations and societal pressure,,,,
02/06/2026 09:52:49,18 – 20,Female,Civil Services / Government Exams,1st attempt (First-timer),N/A (I am a first-time filer and haven't given the exam yet),,4-7 hours,less than 5 hours,Self-study entirely,8,"Frequent headaches or physical fatigue, Imposter syndrome (feeling like you aren't smart enough)","Seeing peers move ahead in life, Financial strain (high cost of coaching/living)",,,,
02/06/2026 10:00:42,Under 18,Female,"Management / Graduate Admissions (e.g., CAT, GATE, GRE, GMAT)",1st attempt (First-timer),Excellent (Cleared the exam / Achieved target cutoff),Out of hundred i would say 85 percentile,4-7 hours,5-6 hours,Self-study entirely,9,"Chronic sleep deprivation / Insomnia, Frequent headaches or physical fatigue","Fear of failure / wasting years of preparation, Family expectations and societal pressure",,,,
02/06/2026 10:14:36,18 – 20,Male,Other~,4 or more attempts,N/A (I am a first-time filer and haven't given the exam yet),,less than 4,less than 5 hours,Self-study entirely,1,None,Fear of failure / wasting years of preparation,,,,
02/06/2026 10:19:09,18 – 20,Female,"Management / Graduate Admissions (e.g., CAT, GATE, GRE, GMAT)",1st attempt (First-timer),N/A (I am a first-time filer and haven't given the exam yet),,less than 4,less than 5 hours,Self-study entirely,8,"Chronic sleep deprivation / Insomnia, Imposter syndrome (feeling like you aren't smart enough)","Fear of failure / wasting years of preparation, Family expectations and societal pressure",,,,
02/06/2026 10:21:47,21-23,Female,Civil Services / Government Exams,1st attempt (First-timer),"Average (Passed, but did not achieve the required cutoff/rank)",80%,4-7 hours,5-6 hours,Self-study entirely,5,Frequent headaches or physical fatigue,Seeing peers move ahead in life,,,,
02/06/2026 10:57:15,above 26,Female,Other~,1st attempt (First-timer),"Average (Passed, but did not achieve the required cutoff/rank)",,4-7 hours,5-6 hours,Self-study entirely,9,Sudden mood swings or panic attacks,"Fear of failure / wasting years of preparation, Family expectations and societal pressure, Seeing peers move ahead in life, Financial strain (high cost of coaching/living)",,,,
02/06/2026 11:00:24,above 26,Male,Civil Services / Government Exams,4 or more attempts,"Average (Passed, but did not achieve the required cutoff/rank)",,4-7 hours,5-6 hours,Self-study entirely,7,Frequent headaches or physical fatigue,Family expectations and societal pressure,,,,
02/06/2026 11:22:52,Under 18,Male,"Management / Graduate Admissions (e.g., CAT, GATE, GRE, GMAT), Other~",4 or more attempts,Below Average (Did not qualify),,less than 4,less than 5 hours,Self-study entirely,1,,Financial strain (high cost of coaching/living),,,,
02/06/2026 11:29:00,18 – 20,Male,"Medical Entrance, Civil Services / Government Exams",4 or more attempts,"Average (Passed, but did not achieve the required cutoff/rank)",,less than 4,5-6 hours,Self-study entirely,2,None,Family expectations and societal pressure,,,,
02/06/2026 11:29:47,18 – 20,Female,Medical Entrance,1st attempt (First-timer),N/A (I am a first-time filer and haven't given the exam yet),,4-7 hours,5-6 hours,Self-study entirely,1,"Chronic sleep deprivation / Insomnia, Severe social isolation (cutting off friends/family), Frequent headaches or physical fatigue, Sudden mood swings or panic attacks, Imposter syndrome (feeling like you aren't smart enough)","Fear of failure / wasting years of preparation, Family expectations and societal pressure, Seeing peers move ahead in life, Financial strain (high cost of coaching/living)",,,,
02/06/2026 11:30:45,21-23,Female,Medical Entrance,4 or more attempts,Below Average (Did not qualify),,less than 4,5-6 hours,Self-study entirely,,None,Seeing peers move ahead in life,,,,
02/06/2026 11:35:12,21-23,Male,"Management / Graduate Admissions (e.g., CAT, GATE, GRE, GMAT)",4 or more attempts,Excellent (Cleared the exam / Achieved target cutoff),,less than 4,5-6 hours,Self-study entirely,3,None,,,,,
02/06/2026 11:40:05,Under 18,Male,Other~,1st attempt (First-timer),N/A (I am a first-time filer and haven't given the exam yet),I am a first time filer and haven't given the exam yet,less than 4,less than 5 hours,Online coaching apps / recorded platforms,10,Sudden mood swings or panic attacks,Family expectations and societal pressure,,,,
02/06/2026 12:23:34,21-23,Female,"Engineering Entrance, Management / Graduate Admissions (e.g., CAT, GATE, GRE, GMAT)",1st attempt (First-timer),Below Average (Did not qualify),,less than 4,7-8 hours,Self-study entirely,7,None,"Fear of failure / wasting years of preparation, ",,,,
02/06/2026 12:39:10,18 – 20,Male,Engineering Entrance,1st attempt (First-timer),Below Average (Did not qualify),66,less than 4,7-8 hours,Offline physical coaching institutes / bootcamps,1,None,Fear of failure / wasting years of preparation,,,,
02/06/2026 12:40:29,21-23,Female,Civil Services / Government Exams,1st attempt (First-timer),"Average (Passed, but did not achieve the required cutoff/rank)","I have still not appeared for the exams, only attempted mock",4-7 hours,5-6 hours,Online coaching apps / recorded platforms,6,"Severe social isolation (cutting off friends/family), Imposter syndrome (feeling like you aren't smart enough)",Fear of failure / wasting years of preparation,,,,
02/06/2026 12:52:21,18 – 20,Male,Other~,1st attempt (First-timer),N/A (I am a first-time filer and haven't given the exam yet),,less than 4,less than 5 hours,Self-study entirely,7,"Chronic sleep deprivation / Insomnia, Frequent headaches or physical fatigue",,,,,
02/06/2026 13:02:14,24-26,Female,Medical Entrance,1st attempt (First-timer),Excellent (Cleared the exam / Achieved target cutoff),,4-7 hours,7-8 hours,Self-study entirely,10,None,Seeing peers move ahead in life,,,,
02/06/2026 13:02:20,24-26,Female,Medical Entrance,1st attempt (First-timer),Excellent (Cleared the exam / Achieved target cutoff),,4-7 hours,7-8 hours,Self-study entirely,10,None,Seeing peers move ahead in life,,,,
02/06/2026 13:04:39,24-26,Male,"Management / Graduate Admissions (e.g., CAT, GATE, GRE, GMAT)",1st attempt (First-timer),"Average (Passed, but did not achieve the required cutoff/rank)",,less than 4,5-6 hours,Self-study entirely,7,None,Fear of failure / wasting years of preparation,,,,
02/06/2026 13:07:54,18 – 20,Female,Engineering Entrance,2nd attempt,"Average (Passed, but did not achieve the required cutoff/rank)",,4-7 hours,,,3,Frequent headaches or physical fatigue,Seeing peers move ahead in life,,,,
02/06/2026 13:09:36,above 26,Female,"Engineering Entrance, Civil Services / Government Exams",4 or more attempts,Excellent (Cleared the exam / Achieved target cutoff),,7-11 hours,5-6 hours,Self-study entirely,10,"Chronic sleep deprivation / Insomnia, Frequent headaches or physical fatigue",Fear of failure / wasting years of preparation,,,,
02/06/2026 13:11:19,24-26,Male,Civil Services / Government Exams,2nd attempt,"Average (Passed, but did not achieve the required cutoff/rank)",,4-7 hours,5-6 hours,Online coaching apps / recorded platforms,1,"Severe social isolation (cutting off friends/family), Imposter syndrome (feeling like you aren't smart enough)",Financial strain (high cost of coaching/living),,,,
02/06/2026 13:11:41,24-26,Female,Medical Entrance,3rd attempt,Excellent (Cleared the exam / Achieved target cutoff),100,12+ hours,5-6 hours,Online coaching apps / recorded platforms,6,"Chronic sleep deprivation / Insomnia, Frequent headaches or physical fatigue, Sudden mood swings or panic attacks",Fear of failure / wasting years of preparation,,,,
02/06/2026 13:12:03,21-23,Prefer not to say,"Management / Graduate Admissions (e.g., CAT, GATE, GRE, GMAT)",3rd attempt,Below Average (Did not qualify),,4-7 hours,7-8 hours,Online coaching apps / recorded platforms,3,Chronic sleep deprivation / Insomnia,Seeing peers move ahead in life,,,,
02/06/2026 13:12:59,above 26,Others,Other~,2nd attempt,N/A (I am a first-time filer and haven't given the exam yet),,7-11 hours,more than 8 hours,Offline physical coaching institutes / bootcamps,2,Severe social isolation (cutting off friends/family),Seeing peers move ahead in life,,,,
02/06/2026 13:13:01,21-23,Male,Engineering Entrance,1st attempt (First-timer),Excellent (Cleared the exam / Achieved target cutoff),100,12+ hours,5-6 hours,Self-study entirely,9,"Chronic sleep deprivation / Insomnia, Imposter syndrome (feeling like you aren't smart enough)",Fear of failure / wasting years of preparation,,,,
02/06/2026 13:14:15,21-23,Prefer not to say,Civil Services / Government Exams,2nd attempt,Below Average (Did not qualify),,4-7 hours,5-6 hours,Online coaching apps / recorded platforms,4,Frequent headaches or physical fatigue,,,,,
02/06/2026 13:14:34,24-26,Prefer not to say,Civil Services / Government Exams,1st attempt (First-timer),Excellent (Cleared the exam / Achieved target cutoff),,7-11 hours,7-8 hours,Self-study entirely,7,"Chronic sleep deprivation / Insomnia, Frequent headaches or physical fatigue",Seeing peers move ahead in life,,,,
02/06/2026 13:16:10,21-23,Prefer not to say,Medical Entrance,1st attempt (First-timer),"Average (Passed, but did not achieve the required cutoff/rank)",,less than 4,7-8 hours,Self-study entirely,3,Frequent headaches or physical fatigue,Financial strain (high cost of coaching/living),,,,
02/06/2026 13:16:54,18 – 20,Male,Engineering Entrance,2nd attempt,Below Average (Did not qualify),,4-7 hours,more than 8 hours,Online coaching apps / recorded platforms,2,Severe social isolation (cutting off friends/family),Family expectations and societal pressure,,,,
02/06/2026 13:17:28,21-23,Male,Medical Entrance,3rd attempt,Below Average (Did not qualify),,less than 4,7-8 hours,Self-study entirely,4,Chronic sleep deprivation / Insomnia,Seeing peers move ahead in life,,,,
02/06/2026 13:18:09,18 – 20,Prefer not to say,Civil Services / Government Exams,1st attempt (First-timer),Below Average (Did not qualify),,7-11 hours,5-6 hours,Offline physical coaching institutes / bootcamps,4,Sudden mood swings or panic attacks,Financial strain (high cost of coaching/living),,,,
02/06/2026 13:25:42,21-23,Female,Engineering Entrance,1st attempt (First-timer),"Average (Passed, but did not achieve the required cutoff/rank)",Na,4-7 hours,5-6 hours,Self-study entirely,6,None,Family expectations and societal pressure,,,,
02/06/2026 13:26:06,21-23,Male,"Engineering Entrance, Civil Services / Government Exams",1st attempt (First-timer),"Average (Passed, but did not achieve the required cutoff/rank)",,4-7 hours,5-6 hours,Online coaching apps / recorded platforms,7,Chronic sleep deprivation / Insomnia,Seeing peers move ahead in life,,,,
02/06/2026 13:26:37,24-26,Female,Engineering Entrance,2nd attempt,"Average (Passed, but did not achieve the required cutoff/rank)",Na,4-7 hours,5-6 hours,Self-study entirely,5,None,Fear of failure / wasting years of preparation,,,,
02/06/2026 13:27:26,21-23,Male,Medical Entrance,1st attempt (First-timer),"Average (Passed, but did not achieve the required cutoff/rank)",Na,4-7 hours,less than 5 hours,Online coaching apps / recorded platforms,5,None,Seeing peers move ahead in life,,,,
02/06/2026 13:28:33,21-23,Male,Engineering Entrance,2nd attempt,Excellent (Cleared the exam / Achieved target cutoff),Na,7-11 hours,less than 5 hours,Offline physical coaching institutes / bootcamps,5,None,Seeing peers move ahead in life,,,,
02/06/2026 13:29:26,21-23,Male,Medical Entrance,2nd attempt,"Average (Passed, but did not achieve the required cutoff/rank)",Na,7-11 hours,less than 5 hours,Offline physical coaching institutes / bootcamps,5,None,Family expectations and societal pressure,,,,
02/06/2026 13:30:07,21-23,Female,Engineering Entrance,1st attempt (First-timer),"Average (Passed, but did not achieve the required cutoff/rank)",Na,7-11 hours,less than 5 hours,Self-study entirely,5,None,Seeing peers move ahead in life,,,,
02/06/2026 13:31:07,24-26,Male,Engineering Entrance,3rd attempt,"Average (Passed, but did not achieve the required cutoff/rank)",Na,4-7 hours,5-6 hours,Self-study entirely,5,"Frequent headaches or physical fatigue, None",Seeing peers move ahead in life,,,,
02/06/2026 13:31:44,Under 18,Male,Engineering Entrance,2nd attempt,Excellent (Cleared the exam / Achieved target cutoff),,less than 4,less than 5 hours,Self-study entirely,10,Other,Fear of failure / wasting years of preparation,,,,
02/06/2026 14:14:31,21-23,Female,Engineering Entrance,2nd attempt,"Average (Passed, but did not achieve the required cutoff/rank)",,4-7 hours,5-6 hours,Online coaching apps / recorded platforms,8,Severe social isolation (cutting off friends/family),Financial strain (high cost of coaching/living),,,,
02/06/2026 14:31:12,21-23,Female,Civil Services / Government Exams,3rd attempt,"Average (Passed, but did not achieve the required cutoff/rank)",,4-7 hours,7-8 hours,Offline physical coaching institutes / bootcamps,5,Sudden mood swings or panic attacks,Seeing peers move ahead in life,,,,
02/06/2026 14:32:04,Under 18,Prefer not to say,Civil Services / Government Exams,2nd attempt,Below Average (Did not qualify),,4-7 hours,7-8 hours,Online coaching apps / recorded platforms,4,Severe social isolation (cutting off friends/family),Seeing peers move ahead in life,,,,
02/06/2026 14:33:15,24-26,Female,"Management / Graduate Admissions (e.g., CAT, GATE, GRE, GMAT)",2nd attempt,"Average (Passed, but did not achieve the required cutoff/rank)",,less than 4,5-6 hours,Self-study entirely,3,Severe social isolation (cutting off friends/family),Fear of failure / wasting years of preparation,,,,
02/06/2026 14:33:46,21-23,Male,Engineering Entrance,1st attempt (First-timer),N/A (I am a first-time filer and haven't given the exam yet),,4-7 hours,5-6 hours,Self-study entirely,8,"Severe social isolation (cutting off friends/family), Frequent headaches or physical fatigue, Sudden mood swings or panic attacks",Family expectations and societal pressure,,,,
02/06/2026 14:34:13,above 26,Female,"Management / Graduate Admissions (e.g., CAT, GATE, GRE, GMAT)",2nd attempt,Below Average (Did not qualify),,less than 4,less than 5 hours,Self-study entirely,3,Imposter syndrome (feeling like you aren't smart enough),Financial strain (high cost of coaching/living),,,,
02/06/2026 14:35:02,21-23,Prefer not to say,Medical Entrance,1st attempt (First-timer),"Average (Passed, but did not achieve the required cutoff/rank)",,7-11 hours,5-6 hours,Online coaching apps / recorded platforms,3,Chronic sleep deprivation / Insomnia,Financial strain (high cost of coaching/living),,,,
02/06/2026 14:35:18,18 – 20,Female,Civil Services / Government Exams,2nd attempt,"Average (Passed, but did not achieve the required cutoff/rank)",,4-7 hours,5-6 hours,Self-study entirely,8,"Chronic sleep deprivation / Insomnia, Frequent headaches or physical fatigue","Fear of failure / wasting years of preparation, Financial strain (high cost of coaching/living)",,,,
02/06/2026 14:36:45,21-23,Female,Civil Services / Government Exams,2nd attempt,Below Average (Did not qualify),,4-7 hours,less than 5 hours,Online coaching apps / recorded platforms,4,Sudden mood swings or panic attacks,Seeing peers move ahead in life,,,,
02/06/2026 14:36:46,24-26,Male,Engineering Entrance,3rd attempt,"Average (Passed, but did not achieve the required cutoff/rank)",,4-7 hours,less than 5 hours,Online coaching apps / recorded platforms,9,"Severe social isolation (cutting off friends/family), Frequent headaches or physical fatigue, Sudden mood swings or panic attacks","Family expectations and societal pressure, Seeing peers move ahead in life",,,,
02/06/2026 14:36:48,21-23,Female,Engineering Entrance,1st attempt (First-timer),"Average (Passed, but did not achieve the required cutoff/rank)",na,4-7 hours,5-6 hours,Self-study entirely,5,Sudden mood swings or panic attacks,Family expectations and societal pressure,,,,
02/06/2026 14:38:07,24-26,Male,Medical Entrance,3rd attempt,Excellent (Cleared the exam / Achieved target cutoff),na,7-11 hours,less than 5 hours,Offline physical coaching institutes / bootcamps,4,Imposter syndrome (feeling like you aren't smart enough),Seeing peers move ahead in life,,,,
02/06/2026 14:38:34,above 26,Female,Medical Entrance,3rd attempt,"Average (Passed, but did not achieve the required cutoff/rank)",,less than 4,7-8 hours,Online coaching apps / recorded platforms,9,Frequent headaches or physical fatigue,Family expectations and societal pressure,,,,
02/06/2026 14:39:14,24-26,Female,"Medical Entrance, Civil Services / Government Exams",2nd attempt,"Average (Passed, but did not achieve the required cutoff/rank)",,7-11 hours,5-6 hours,,9,Imposter syndrome (feeling like you aren't smart enough),"Fear of failure / wasting years of preparation, Family expectations and societal pressure",,,,
02/06/2026 14:39:29,21-23,Female,"Management / Graduate Admissions (e.g., CAT, GATE, GRE, GMAT)",4 or more attempts,"Average (Passed, but did not achieve the required cutoff/rank)",nope,7-11 hours,5-6 hours,Self-study entirely,6,Severe social isolation (cutting off friends/family),Seeing peers move ahead in life,,,,
02/06/2026 14:39:37,18 – 20,Female,Engineering Entrance,1st attempt (First-timer),"Average (Passed, but did not achieve the required cutoff/rank)",,7-11 hours,7-8 hours,Self-study entirely,6,Sudden mood swings or panic attacks,Financial strain (high cost of coaching/living),,,,
02/06/2026 14:40:12,21-23,Male,Medical Entrance,2nd attempt,"Average (Passed, but did not achieve the required cutoff/rank)",,4-7 hours,7-8 hours,Online coaching apps / recorded platforms,2,Severe social isolation (cutting off friends/family),Seeing peers move ahead in life,,,,
02/06/2026 14:40:40,24-26,Male,Engineering Entrance,2nd attempt,"Average (Passed, but did not achieve the required cutoff/rank)",nope,7-11 hours,5-6 hours,Self-study entirely,5,None,Fear of failure / wasting years of preparation,,,,
02/06/2026 14:40:50,21-23,Male,Civil Services / Government Exams,3rd attempt,Below Average (Did not qualify),,7-11 hours,5-6 hours,Offline physical coaching institutes / bootcamps,8,Sudden mood swings or panic attacks,Financial strain (high cost of coaching/living),,,,
02/06/2026 14:41:21,21-23,Prefer not to say,"Management / Graduate Admissions (e.g., CAT, GATE, GRE, GMAT)",1st attempt (First-timer),N/A (I am a first-time filer and haven't given the exam yet),,7-11 hours,7-8 hours,Self-study entirely,4,Sudden mood swings or panic attacks,Financial strain (high cost of coaching/living),,,,
02/06/2026 14:41:50,21-23,Female,Medical Entrance,1st attempt (First-timer),Excellent (Cleared the exam / Achieved target cutoff),na,4-7 hours,5-6 hours,Online coaching apps / recorded platforms,4,None,Financial strain (high cost of coaching/living),,,,
02/06/2026 14:41:59,18 – 20,Prefer not to say,Medical Entrance,2nd attempt,"Average (Passed, but did not achieve the required cutoff/rank)",na,less than 4,less than 5 hours,,,"Severe social isolation (cutting off friends/family), Frequent headaches or physical fatigue",Family expectations and societal pressure,,,,
02/06/2026 14:43:15,24-26,Female,"Management / Graduate Admissions (e.g., CAT, GATE, GRE, GMAT)",4 or more attempts,Below Average (Did not qualify),,4-7 hours,less than 5 hours,,4,Sudden mood swings or panic attacks,"Fear of failure / wasting years of preparation, Family expectations and societal pressure",,,,
02/06/2026 14:43:44,Under 18,Prefer not to say,Civil Services / Government Exams,2nd attempt,Below Average (Did not qualify),,7-11 hours,5-6 hours,Online coaching apps / recorded platforms,4,Sudden mood swings or panic attacks,Financial strain (high cost of coaching/living),,,,
02/06/2026 14:44:07,21-23,Male,Engineering Entrance,2nd attempt,"Average (Passed, but did not achieve the required cutoff/rank)",no,7-11 hours,5-6 hours,Online coaching apps / recorded platforms,7,Frequent headaches or physical fatigue,Financial strain (high cost of coaching/living),,,,
02/06/2026 14:44:20,21-23,Female,Other~,3rd attempt,"Average (Passed, but did not achieve the required cutoff/rank)",,4-7 hours,5-6 hours,Online coaching apps / recorded platforms,,Severe social isolation (cutting off friends/family),"Family expectations and societal pressure, Financial strain (high cost of coaching/living)",,,,
02/06/2026 14:44:48,24-26,Prefer not to say,Medical Entrance,3rd attempt,Below Average (Did not qualify),,7-11 hours,less than 5 hours,Online coaching apps / recorded platforms,6,Frequent headaches or physical fatigue,Seeing peers move ahead in life,,,,
02/06/2026 14:46:40,18 – 20,Female,Medical Entrance,2nd attempt,"Average (Passed, but did not achieve the required cutoff/rank)",,7-11 hours,5-6 hours,Online coaching apps / recorded platforms,10,Sudden mood swings or panic attacks,Family expectations and societal pressure,,,,
02/06/2026 14:47:35,21-23,Female,Engineering Entrance,3rd attempt,Below Average (Did not qualify),NA,7-11 hours,5-6 hours,Online coaching apps / recorded platforms,6,Sudden mood swings or panic attacks,Fear of failure / wasting years of preparation,,,,
02/06/2026 14:47:45,21-23,Female,Medical Entrance,2nd attempt,"Average (Passed, but did not achieve the required cutoff/rank)",,4-7 hours,5-6 hours,Online coaching apps / recorded platforms,7,None,Seeing peers move ahead in life,,,,
02/06/2026 14:47:48,24-26,Male,Medical Entrance,3rd attempt,"Average (Passed, but did not achieve the required cutoff/rank)",,7-11 hours,5-6 hours,Self-study entirely,5,None,Seeing peers move ahead in life,,,,
02/06/2026 14:49:09,18 – 20,Female,Engineering Entrance,4 or more attempts,Below Average (Did not qualify),230,12+ hours,5-6 hours,Self-study entirely,7,Sudden mood swings or panic attacks,"Fear of failure / wasting years of preparation, Seeing peers move ahead in life",,,,
02/06/2026 14:49:10,24-26,Female,Civil Services / Government Exams,3rd attempt,Excellent (Cleared the exam / Achieved target cutoff),98,4-7 hours,5-6 hours,Self-study entirely,10,Sudden mood swings or panic attacks,Family expectations and societal pressure,,,,
02/06/2026 14:49:37,21-23,Female,"Management / Graduate Admissions (e.g., CAT, GATE, GRE, GMAT)",3rd attempt,Below Average (Did not qualify),,4-7 hours,7-8 hours,Self-study entirely,4,None,NO,,,,
02/06/2026 14:50:07,24-26,Male,Civil Services / Government Exams,3rd attempt,Below Average (Did not qualify),,12+ hours,5-6 hours,Online coaching apps / recorded platforms,5,Frequent headaches or physical fatigue,Financial strain (high cost of coaching/living),,,,
02/06/2026 14:50:56,18 – 20,Female,Civil Services / Government Exams,1st attempt (First-timer),Below Average (Did not qualify),193,4-7 hours,7-8 hours,Offline physical coaching institutes / bootcamps,7,Imposter syndrome (feeling like you aren't smart enough),Fear of failure / wasting years of preparation,,,,
02/06/2026 14:51:07,21-23,Male,"Management / Graduate Admissions (e.g., CAT, GATE, GRE, GMAT)",2nd attempt,"Average (Passed, but did not achieve the required cutoff/rank)",78,7-11 hours,7-8 hours,Online coaching apps / recorded platforms,6,"Severe social isolation (cutting off friends/family), Frequent headaches or physical fatigue","Family expectations and societal pressure, Seeing peers move ahead in life",,,,
02/06/2026 14:51:15,21-23,Male,Other~,1st attempt (First-timer),"Average (Passed, but did not achieve the required cutoff/rank)",NA,4-7 hours,5-6 hours,Online coaching apps / recorded platforms,4,Imposter syndrome (feeling like you aren't smart enough),NA,,,,
02/06/2026 14:55:04,24-26,Female,Medical Entrance,2nd attempt,"Average (Passed, but did not achieve the required cutoff/rank)",98 PERCENTILE,7-11 hours,7-8 hours,Self-study entirely,6,"Chronic sleep deprivation / Insomnia, Severe social isolation (cutting off friends/family)","Fear of failure / wasting years of preparation, Family expectations and societal pressure",,,,
02/06/2026 15:08:28,21-23,Male,Engineering Entrance,2nd attempt,"Average (Passed, but did not achieve the required cutoff/rank)",92,4-7 hours,5-6 hours,Self-study entirely,4,"Chronic sleep deprivation / Insomnia, Severe social isolation (cutting off friends/family), Frequent headaches or physical fatigue, Sudden mood swings or panic attacks","Fear of failure / wasting years of preparation, Family expectations and societal pressure, Seeing peers move ahead in life, Financial strain (high cost of coaching/living)",,,,
02/06/2026 15:30:22,18 – 20,Male,Engineering Entrance,2nd attempt,"Average (Passed, but did not achieve the required cutoff/rank)",98,7-11 hours,5-6 hours,Online coaching apps / recorded platforms,2,Severe social isolation (cutting off friends/family),Financial strain (high cost of coaching/living),,,,
02/06/2026 16:07:59,18 – 20,Male,Engineering Entrance,1st attempt (First-timer),"Average (Passed, but did not achieve the required cutoff/rank)",90,less than 4,more than 8 hours,Self-study entirely,5,Sudden mood swings or panic attacks,"Fear of failure / wasting years of preparation, Family expectations and societal pressure, Seeing peers move ahead in life",,,,
02/06/2026 16:56:39,Under 18,Male,Other~,1st attempt (First-timer),Excellent (Cleared the exam / Achieved target cutoff),,less than 4,more than 8 hours,Self-study entirely,10,Frequent headaches or physical fatigue,Seeing peers move ahead in life,,,,
02/06/2026 17:16:43,24-26,Male,Other~,1st attempt (First-timer),Excellent (Cleared the exam / Achieved target cutoff),72,7-11 hours,less than 5 hours,Self-study entirely,5,Chronic sleep deprivation / Insomnia,Financial strain (high cost of coaching/living),,,,
02/06/2026 17:16:19,18 – 20,Male,Engineering Entrance,1st attempt (First-timer),Excellent (Cleared the exam / Achieved target cutoff),,7-11 hours,5-6 hours,Online coaching apps / recorded platforms,7,"Chronic sleep deprivation / Insomnia, Severe social isolation (cutting off friends/family), Sudden mood swings or panic attacks, Imposter syndrome (feeling like you aren't smart enough)","Fear of failure / wasting years of preparation, Family expectations and societal pressure",,,,
02/06/2026 17:50:54,18 – 20,Male,Engineering Entrance,1st attempt (First-timer),"Average (Passed, but did not achieve the required cutoff/rank)",40,less than 4,less than 5 hours,Offline physical coaching institutes / bootcamps,1,None,Family expectations and societal pressure,,,,
02/06/2026 20:42:33,24-26,Male,Civil Services / Government Exams,4 or more attempts,"Average (Passed, but did not achieve the required cutoff/rank)",85,4-7 hours,5-6 hours,Self-study entirely,5,None,Financial strain (high cost of coaching/living),,,,
02/06/2026 22:28:44,18 – 20,Female,Other~,1st attempt (First-timer),"Average (Passed, but did not achieve the required cutoff/rank)",150/300,less than 4,7-8 hours,Self-study entirely,8,"Severe social isolation (cutting off friends/family), Imposter syndrome (feeling like you aren't smart enough)","Fear of failure / wasting years of preparation, Seeing peers move ahead in life",,,,
02/06/2026 22:52:47,18 – 20,Male,Engineering Entrance,1st attempt (First-timer),"Average (Passed, but did not achieve the required cutoff/rank)",82,4-7 hours,5-6 hours,Online coaching apps / recorded platforms,3,I was getting tired of exams,Family expectations and societal pressure,,,,
02/06/2026 23:02:40,Under 18,Male,Engineering Entrance,2nd attempt,Excellent (Cleared the exam / Achieved target cutoff),,7-11 hours,5-6 hours,,10,Severe social isolation (cutting off friends/family),Fear of failure / wasting years of preparation,,,,
03/06/2026 00:06:30,21-23,Male,Engineering Entrance,1st attempt (First-timer),"Average (Passed, but did not achieve the required cutoff/rank)",,less than 4,7-8 hours,Self-study entirely,7,,,,,,
03/06/2026 09:10:22,21-23,Male,Other~,1st attempt (First-timer),N/A (I am a first-time filer and haven't given the exam yet),,less than 4,7-8 hours,Self-study entirely,4,Chronic sleep deprivation / Insomnia,Financial strain (high cost of coaching/living),,,,
03/06/2026 11:33:45,24-26,Female,"Medical Entrance, Other~",3rd attempt,"Average (Passed, but did not achieve the required cutoff/rank)",65,4-7 hours,7-8 hours,Self-study entirely,7,"Frequent headaches or physical fatigue, Sudden mood swings or panic attacks, Imposter syndrome (feeling like you aren't smart enough)","Fear of failure / wasting years of preparation, Family expectations and societal pressure, Seeing peers move ahead in life, Financial strain (high cost of coaching/living)",,,,
03/06/2026 11:34:11,18 – 20,Male,Engineering Entrance,1st attempt (First-timer),"Average (Passed, but did not achieve the required cutoff/rank)",,less than 4,7-8 hours,Self-study entirely,5,None,Family expectations and societal pressure,,,,
03/06/2026 11:52:19,21-23,Male,"Management / Graduate Admissions (e.g., CAT, GATE, GRE, GMAT)",1st attempt (First-timer),Below Average (Did not qualify),,4-7 hours,5-6 hours,Self-study entirely,4,Chronic sleep deprivation / Insomnia,Fear of failure / wasting years of preparation,,,,
03/06/2026 11:52:39,18 – 20,Female,Medical Entrance,2nd attempt,"Average (Passed, but did not achieve the required cutoff/rank)",55,4-7 hours,7-8 hours,Self-study entirely,10,"Chronic sleep deprivation / Insomnia, Frequent headaches or physical fatigue, Sudden mood swings or panic attacks",Family expectations and societal pressure,,,,
03/06/2026 11:53:54,18 – 20,Male,Engineering Entrance,1st attempt (First-timer),Excellent (Cleared the exam / Achieved target cutoff),,4-7 hours,5-6 hours,Self-study entirely,6,"Chronic sleep deprivation / Insomnia, Severe social isolation (cutting off friends/family)",Fear of failure / wasting years of preparation,,,,
03/06/2026 11:54:51,21-23,Female,Engineering Entrance,1st attempt (First-timer),"Average (Passed, but did not achieve the required cutoff/rank)",,7-11 hours,5-6 hours,Online coaching apps / recorded platforms,5,Sudden mood swings or panic attacks,Fear of failure / wasting years of preparation,,,,
03/06/2026 11:55:48,18 – 20,Female,Engineering Entrance,2nd attempt,"Average (Passed, but did not achieve the required cutoff/rank)",,4-7 hours,7-8 hours,Self-study entirely,4,"Severe social isolation (cutting off friends/family), Sudden mood swings or panic attacks",Family expectations and societal pressure,,,,
03/06/2026 11:59:40,Under 18,Male,Other~,1st attempt (First-timer),N/A (I am a first-time filer and haven't given the exam yet),,less than 4,less than 5 hours,Self-study entirely,4,Chronic sleep deprivation / Insomnia,Financial strain (high cost of coaching/living),,,,
03/06/2026 12:10:37,18 – 20,Female,Other~,1st attempt (First-timer),"Average (Passed, but did not achieve the required cutoff/rank)",,12+ hours,7-8 hours,Self-study entirely,9,None,Fear of failure / wasting years of preparation,,,,
03/06/2026 12:13:25,18 – 20,Female,Other~,1st attempt (First-timer),N/A (I am a first-time filer and haven't given the exam yet),78,12+ hours,7-8 hours,Online coaching apps / recorded platforms,8,None,,,,,
03/06/2026 12:16:57,18 – 20,Male,Civil Services / Government Exams,4 or more attempts,Excellent (Cleared the exam / Achieved target cutoff),99.72 percentile in ssc chsl,7-11 hours,more than 8 hours,Self-study entirely,1,Frequent headaches or physical fatigue,Family expectations and societal pressure,,,,
03/06/2026 12:27:29,above 26,Female,Civil Services / Government Exams,4 or more attempts,"Average (Passed, but did not achieve the required cutoff/rank)",79,4-7 hours,5-6 hours,Online coaching apps / recorded platforms,10,"Chronic sleep deprivation / Insomnia, Severe social isolation (cutting off friends/family), Frequent headaches or physical fatigue, Sudden mood swings or panic attacks, Imposter syndrome (feeling like you aren't smart enough)","Fear of failure / wasting years of preparation, Family expectations and societal pressure, Seeing peers move ahead in life",,,,
03/06/2026 12:32:09,above 26,Male,"Civil Services / Government Exams, Other~",4 or more attempts,"Average (Passed, but did not achieve the required cutoff/rank)",75,4-7 hours,less than 5 hours,Self-study entirely,7,"Chronic sleep deprivation / Insomnia, Severe social isolation (cutting off friends/family)","Fear of failure / wasting years of preparation, Family expectations and societal pressure, Seeing peers move ahead in life, Financial strain (high cost of coaching/living)",,,,
03/06/2026 12:52:26,above 26,Female,Other~,1st attempt (First-timer),"Average (Passed, but did not achieve the required cutoff/rank)",,4-7 hours,5-6 hours,Self-study entirely,7,None,Fear of failure / wasting years of preparation,,,,
03/06/2026 13:55:14,Under 18,Female,Engineering Entrance,1st attempt (First-timer),N/A (I am a first-time filer and haven't given the exam yet),,less than 4,,Online coaching apps / recorded platforms,,Chronic sleep deprivation / Insomnia,Family expectations and societal pressure,,,,
03/06/2026 14:59:59,21-23,Male,"Management / Graduate Admissions (e.g., CAT, GATE, GRE, GMAT)",1st attempt (First-timer),Excellent (Cleared the exam / Achieved target cutoff),90,less than 4,more than 8 hours,Self-study entirely,9,None,Fear of failure / wasting years of preparation,,,,
03/06/2026 16:42:38,Under 18,Male,"Engineering Entrance, Civil Services / Government Exams",1st attempt (First-timer),Below Average (Did not qualify),39,less than 4,more than 8 hours,Self-study entirely,5,"Frequent headaches or physical fatigue, Sudden mood swings or panic attacks","Fear of failure / wasting years of preparation, Family expectations and societal pressure",,,,
03/06/2026 16:42:57,Under 18,Male,Civil Services / Government Exams,1st attempt (First-timer),"Average (Passed, but did not achieve the required cutoff/rank)",,4-7 hours,7-8 hours,Offline physical coaching institutes / bootcamps,5,None,"Fear of failure / wasting years of preparation, Family expectations and societal pressure",,,,
03/06/2026 17:40:36,18 – 20,Female,Engineering Entrance,1st attempt (First-timer),"Average (Passed, but did not achieve the required cutoff/rank)",85.92,12+ hours,less than 5 hours,Online coaching apps / recorded platforms,9,"Chronic sleep deprivation / Insomnia, Severe social isolation (cutting off friends/family), Frequent headaches or physical fatigue, Sudden mood swings or panic attacks, Imposter syndrome (feeling like you aren't smart enough), ","Fear of failure / wasting years of preparation, Family expectations and societal pressure, Seeing peers move ahead in life, Financial strain (high cost of coaching/living)",,,,
03/06/2026 17:46:30,21-23,Male,Engineering Entrance,1st attempt (First-timer),"Average (Passed, but did not achieve the required cutoff/rank)",,less than 4,less than 5 hours,Self-study entirely,2,None,Fear of failure / wasting years of preparation,,,,
03/06/2026 17:49:56,18 – 20,Male,"Engineering Entrance, Management / Graduate Admissions (e.g., CAT, GATE, GRE, GMAT)",1st attempt (First-timer),Excellent (Cleared the exam / Achieved target cutoff),93,4-7 hours,less than 5 hours,Self-study entirely,7,"Chronic sleep deprivation / Insomnia, Severe social isolation (cutting off friends/family), Frequent headaches or physical fatigue, Sudden mood swings or panic attacks, Imposter syndrome (feeling like you aren't smart enough)","Fear of failure / wasting years of preparation, Family expectations and societal pressure, Seeing peers move ahead in life",,,,
03/06/2026 17:50:43,24-26,Male,"Engineering Entrance, Management / Graduate Admissions (e.g., CAT, GATE, GRE, GMAT)",1st attempt (First-timer),"Average (Passed, but did not achieve the required cutoff/rank)",,4-7 hours,5-6 hours,Online coaching apps / recorded platforms,7,"Chronic sleep deprivation / Insomnia, Severe social isolation (cutting off friends/family), Frequent headaches or physical fatigue, Sudden mood swings or panic attacks, Imposter syndrome (feeling like you aren't smart enough)","Fear of failure / wasting years of preparation, Family expectations and societal pressure, Seeing peers move ahead in life",,,,
03/06/2026 18:04:26,above 26,Female,Engineering Entrance,1st attempt (First-timer),Excellent (Cleared the exam / Achieved target cutoff),,less than 4,5-6 hours,Self-study entirely,10,Severe social isolation (cutting off friends/family),Fear of failure / wasting years of preparation,,,,
03/06/2026 18:05:06,18 – 20,Male,Engineering Entrance,2nd attempt,"Average (Passed, but did not achieve the required cutoff/rank)",89,4-7 hours,5-6 hours,Offline physical coaching institutes / bootcamps,8,"Chronic sleep deprivation / Insomnia, Severe social isolation (cutting off friends/family), Frequent headaches or physical fatigue","Fear of failure / wasting years of preparation, Family expectations and societal pressure",,,,
03/06/2026 18:16:21,18 – 20,Female,Engineering Entrance,1st attempt (First-timer),Below Average (Did not qualify),,4-7 hours,less than 5 hours,Self-study entirely,5,Imposter syndrome (feeling like you aren't smart enough),Family expectations and societal pressure,,,,
03/06/2026 19:16:07,18 – 20,Male,Engineering Entrance,1st attempt (First-timer),Excellent (Cleared the exam / Achieved target cutoff),,less than 4,5-6 hours,Self-study entirely,6,None,"Fear of failure / wasting years of preparation, Family expectations and societal pressure, Financial strain (high cost of coaching/living)",,,,
03/06/2026 19:34:43,Under 18,Female,Civil Services / Government Exams,3rd attempt,Below Average (Did not qualify),,7-11 hours,5-6 hours,Offline physical coaching institutes / bootcamps,7,"Chronic sleep deprivation / Insomnia, Severe social isolation (cutting off friends/family), Imposter syndrome (feeling like you aren't smart enough)","Fear of failure / wasting years of preparation, Family expectations and societal pressure, Seeing peers move ahead in life, Financial strain (high cost of coaching/living)",,,,
03/06/2026 20:51:56,above 26,Male,Other~,2nd attempt,"Average (Passed, but did not achieve the required cutoff/rank)",,less than 4,5-6 hours,Online coaching apps / recorded platforms,9,"Severe social isolation (cutting off friends/family), Frequent headaches or physical fatigue",Fear of failure / wasting years of preparation,,,,
04/06/2026 09:39:02,above 26,Male,Civil Services / Government Exams,1st attempt (First-timer),Excellent (Cleared the exam / Achieved target cutoff),,4-7 hours,5-6 hours,Online coaching apps / recorded platforms,5,None,Family expectations and societal pressure,,,,
04/06/2026 10:02:01,above 26,Male,Other~,2nd attempt,"Average (Passed, but did not achieve the required cutoff/rank)",,4-7 hours,5-6 hours,Self-study entirely,8,"Frequent headaches or physical fatigue, Sudden mood swings or panic attacks","Family expectations and societal pressure, Seeing peers move ahead in life",,,,
05/06/2026 06:18:51,18 – 20,Male,"Engineering Entrance, Management / Graduate Admissions (e.g., CAT, GATE, GRE, GMAT)",1st attempt (First-timer),"Average (Passed, but did not achieve the required cutoff/rank)",,4-7 hours,7-8 hours,Self-study entirely,8,Chronic sleep deprivation / Insomnia,Seeing peers move ahead in life,,,,
06/06/2026 16:50:46,above 26,Male,Other~,1st attempt (First-timer),N/A (I am a first-time filer and haven't given the exam yet),N/A,less than 4,7-8 hours,Self-study entirely,5,Once for few minutes I was not able to see anything may be because of sleep,I was not taking any stress just taking it like a project.,,,,
07/06/2026 01:47:26,18 – 20,Female,Civil Services / Government Exams,1st attempt (First-timer),N/A (I am a first-time filer and haven't given the exam yet),,7-11 hours,5-6 hours,Online coaching apps / recorded platforms,7,"Severe social isolation (cutting off friends/family), Imposter syndrome (feeling like you aren't smart enough)","Fear of failure / wasting years of preparation, Seeing peers move ahead in life",,,,