Timestamp,Age_Group,Gender,Target_Exam,Attempt_Count,Performance_Category,Raw_Score_Text,Study_Hours_Category,Sleep_Hours_Category,Prep_Method,Stress_Level,Physical_Emotional_Symptoms,Stress_Primary_Source,Percentile_Score,Study_Hours_Num,Sleep_Hours_Num,Prep_Year,Prep_Month,Prep_Day,Prep_Weekday,Symptom_Count,Stress_Source_Count,Stress_Sleep_Ratio,High_Stress_Flag,Severe_Sleep_Deprived_Flag
2026-06-01 12:00:06,18 – 20,Male,Engineering Entrance,1st attempt (First-timer),Excellent (Cleared the exam / Achieved target cutoff),98.67,7-11 hours,5-6 hours,Offline physical coaching institutes / bootcamps,8.0,"Chronic sleep deprivation / Insomnia, Severe social isolation (cutting off friends/family), Frequent headaches or physical fatigue, Sudden mood swings or panic attacks, Imposter syndrome (feeling like you aren't smart enough)","Fear of failure / wasting years of preparation, Family expectations and societal pressure, Seeing peers move ahead in life, Financial strain (high cost of coaching/living)",98.67,9.0,5.5,2026,6,1,Monday,5,4,1.45,1,1
2026-06-01 13:33:10,24-26,Male,Civil Services / Government Exams,3rd attempt,Below Average (Did not qualify),,4-7 hours,less than 5 hours,Online coaching apps / recorded platforms,8.0,"Chronic sleep deprivation / Insomnia, Imposter syndrome (feeling like you aren't smart enough)","Family expectations and societal pressure, Seeing peers move ahead in life",80.0,5.5,4.0,2026,6,1,Monday,2,2,2.0,1,1
2026-06-01 13:44:44,above 26,Male,Civil Services / Government Exams,1st attempt (First-timer),N/A (I am a first-time filer and haven't given the exam yet),,4-7 hours,7-8 hours,Online coaching apps / recorded platforms,1.0,,For my life ,80.0,5.5,7.5,2026,6,1,Monday,0,1,0.13,0,0
2026-06-01 13:53:13,18 – 20,Female,Engineering Entrance,1st attempt (First-timer),Excellent (Cleared the exam / Achieved target cutoff),,7-11 hours,less than 5 hours,Self-study entirely,10.0,,Fear of failure / wasting years of preparation,80.0,9.0,4.0,2026,6,1,Monday,0,1,2.5,1,1
2026-06-01 13:54:01,21-23,Female,Engineering Entrance,1st attempt (First-timer),"Average (Passed, but did not achieve the required cutoff/rank)",Na,4-7 hours,5-6 hours,Self-study entirely,5.0,,Family expectations and societal pressure,80.0,5.5,5.5,2026,6,1,Monday,0,1,0.91,0,1
2026-06-01 13:58:33,18 – 20,Female,Engineering Entrance,1st attempt (First-timer),"Average (Passed, but did not achieve the required cutoff/rank)",96,less than 4,5-6 hours,Self-study entirely,5.0,"Severe social isolation (cutting off friends/family), Imposter syndrome (feeling like you aren't smart enough)","Family expectations and societal pressure, Seeing peers move ahead in life",96.0,2.5,5.5,2026,6,1,Monday,2,2,0.91,0,1
2026-06-01 14:06:27,18 – 20,Male,"Engineering Entrance, Management / Graduate Admissions (e.g., CAT, GATE, GRE, GMAT)",1st attempt (First-timer),"Average (Passed, but did not achieve the required cutoff/rank)",yah question mere relatives jaisa kyon sound kar raha hai ,4-7 hours,less than 5 hours,Online coaching apps / recorded platforms,10.0,"Chronic sleep deprivation / Insomnia, Severe social isolation (cutting off friends/family), Frequent headaches or physical fatigue, Sudden mood swings or panic attacks, Imposter syndrome (feeling like you aren't smart enough), anxiety ","Family expectations and societal pressure, Seeing peers move ahead in life",80.0,5.5,4.0,2026,6,1,Monday,6,2,2.5,1,1
2026-06-01 14:29:24,24-26,Male,Engineering Entrance,1st attempt (First-timer),Below Average (Did not qualify),,4-7 hours,5-6 hours,Offline physical coaching institutes / bootcamps,6.0,Imposter syndrome (feeling like you aren't smart enough),"Fear of failure / wasting years of preparation, Family expectations and societal pressure, Seeing peers move ahead in life",80.0,5.5,5.5,2026,6,1,Monday,1,3,1.09,0,1
2026-06-01 14:37:34,Under 18,Male,Engineering Entrance,1st attempt (First-timer),Below Average (Did not qualify),50,less than 4,more than 8 hours,Offline physical coaching institutes / bootcamps,5.0,When I try to study PCM I feel like I am wasting my time .,"Fear of failure / wasting years of preparation, Family expectations and societal pressure, Seeing peers move ahead in life, Financial strain (high cost of coaching/living)",50.0,2.5,9.5,2026,6,1,Monday,1,4,0.53,0,0
2026-06-01 14:42:23,21-23,Female,Medical Entrance,2nd attempt,"Average (Passed, but did not achieve the required cutoff/rank)",No I’m not comfortable ,7-11 hours,5-6 hours,Online coaching apps / recorded platforms,8.0,"Severe social isolation (cutting off friends/family), Frequent headaches or physical fatigue, Sudden mood swings or panic attacks, Imposter syndrome (feeling like you aren't smart enough)",Family expectations and societal pressure,80.0,9.0,5.5,2026,6,1,Monday,4,1,1.45,1,1
2026-06-01 14:43:30,18 – 20,Male,"Management / Graduate Admissions (e.g., CAT, GATE, GRE, GMAT)",1st attempt (First-timer),N/A (I am a first-time filer and haven't given the exam yet),,less than 4,5-6 hours,Online coaching apps / recorded platforms,8.0,,Fear of failure / wasting years of preparation,80.0,2.5,5.5,2026,6,1,Monday,0,1,1.45,1,1
2026-06-01 15:05:13,Under 18,Male,Engineering Entrance,1st attempt (First-timer),N/A (I am a first-time filer and haven't given the exam yet),,less than 4,less than 5 hours,Self-study entirely,10.0,"Chronic sleep deprivation / Insomnia, Severe social isolation (cutting off friends/family), Frequent headaches or physical fatigue, Sudden mood swings or panic attacks, Imposter syndrome (feeling like you aren't smart enough)","Family expectations and societal pressure, Seeing peers move ahead in life",80.0,2.5,4.0,2026,6,1,Monday,5,2,2.5,1,1
2026-06-01 15:53:29,18 – 20,Male,Engineering Entrance,2nd attempt,"Average (Passed, but did not achieve the required cutoff/rank)",92.1,4-7 hours,less than 5 hours,Self-study entirely,8.0,,Fear of failure / wasting years of preparation,92.1,5.5,4.0,2026,6,1,Monday,0,1,2.0,1,1
2026-06-01 18:33:20,18 – 20,Female,Engineering Entrance,1st attempt (First-timer),"Average (Passed, but did not achieve the required cutoff/rank)",80,7-11 hours,less than 5 hours,Self-study entirely,9.0,"Chronic sleep deprivation / Insomnia, Severe social isolation (cutting off friends/family), Imposter syndrome (feeling like you aren't smart enough)","Fear of failure / wasting years of preparation, Family expectations and societal pressure",80.0,9.0,4.0,2026,6,1,Monday,3,2,2.25,1,1
2026-06-01 18:34:53,21-23,Male,Engineering Entrance,1st attempt (First-timer),"Average (Passed, but did not achieve the required cutoff/rank)",78,12+ hours,less than 5 hours,Online coaching apps / recorded platforms,5.0,Frequent headaches or physical fatigue,Fear of failure / wasting years of preparation,78.0,13.0,4.0,2026,6,1,Monday,1,1,1.25,0,1
2026-06-01 18:39:22,18 – 20,Female,Medical Entrance,2nd attempt,"Average (Passed, but did not achieve the required cutoff/rank)",,4-7 hours,5-6 hours,Online coaching apps / recorded platforms,6.0,"Severe social isolation (cutting off friends/family), Sudden mood swings or panic attacks",Family expectations and societal pressure,80.0,5.5,5.5,2026,6,1,Monday,2,1,1.09,0,1
2026-06-01 18:39:26,18 – 20,Female,"Management / Graduate Admissions (e.g., CAT, GATE, GRE, GMAT)",1st attempt (First-timer),N/A (I am a first-time filer and haven't given the exam yet),,less than 4,less than 5 hours,Self-study entirely,5.0,"Chronic sleep deprivation / Insomnia, Frequent headaches or physical fatigue, Imposter syndrome (feeling like you aren't smart enough)","Fear of failure / wasting years of preparation, Family expectations and societal pressure, Seeing peers move ahead in life",80.0,2.5,4.0,2026,6,1,Monday,3,3,1.25,0,1
2026-06-01 18:40:08,18 – 20,Female,Engineering Entrance,1st attempt (First-timer),Excellent (Cleared the exam / Achieved target cutoff),Decent enough to get proper seat.,4-7 hours,5-6 hours,Self-study entirely,8.0,Imposter syndrome (feeling like you aren't smart enough),"Fear of failure / wasting years of preparation, Family expectations and societal pressure, Seeing peers move ahead in life",80.0,5.5,5.5,2026,6,1,Monday,1,3,1.45,1,1
2026-06-01 18:40:13,18 – 20,Female,Engineering Entrance,2nd attempt,"Average (Passed, but did not achieve the required cutoff/rank)",,4-7 hours,7-8 hours,Online coaching apps / recorded platforms,7.0,"Frequent headaches or physical fatigue, Sudden mood swings or panic attacks","Fear of failure / wasting years of preparation, Family expectations and societal pressure",80.0,5.5,7.5,2026,6,1,Monday,2,2,0.93,0,0
2026-06-01 18:41:48,21-23,Female,"Medical Entrance, Other~",2nd attempt,"Average (Passed, but did not achieve the required cutoff/rank)",,4-7 hours,7-8 hours,Offline physical coaching institutes / bootcamps,5.0,"Severe social isolation (cutting off friends/family), Frequent headaches or physical fatigue, Imposter syndrome (feeling like you aren't smart enough)","Fear of failure / wasting years of preparation, Seeing peers move ahead in life",80.0,5.5,7.5,2026,6,1,Monday,3,2,0.67,0,0
2026-06-01 18:43:28,18 – 20,Male,Engineering Entrance,2nd attempt,"Average (Passed, but did not achieve the required cutoff/rank)",65,less than 4,7-8 hours,Online coaching apps / recorded platforms,6.0,Sudden mood swings or panic attacks,"Fear of failure / wasting years of preparation, Family expectations and societal pressure",65.0,2.5,7.5,2026,6,1,Monday,1,2,0.8,0,0
2026-06-01 19:11:24,18 – 20,Female,Other~,1st attempt (First-timer),"Average (Passed, but did not achieve the required cutoff/rank)",,less than 4,less than 5 hours,Online coaching apps / recorded platforms,10.0,"Chronic sleep deprivation / Insomnia, Severe social isolation (cutting off friends/family), Sudden mood swings or panic attacks, Imposter syndrome (feeling like you aren't smart enough)","Fear of failure / wasting years of preparation, Family expectations and societal pressure, Seeing peers move ahead in life",80.0,2.5,4.0,2026,6,1,Monday,4,3,2.5,1,1
2026-06-01 19:14:33,18 – 20,Female,"Civil Services / Government Exams, Management / Graduate Admissions (e.g., CAT, GATE, GRE, GMAT)",1st attempt (First-timer),Below Average (Did not qualify),I don't remember ,less than 4,7-8 hours,Online coaching apps / recorded platforms,8.0,"Chronic sleep deprivation / Insomnia, Severe social isolation (cutting off friends/family), Frequent headaches or physical fatigue, Sudden mood swings or panic attacks","Fear of failure / wasting years of preparation, Family expectations and societal pressure, Seeing peers move ahead in life, Financial strain (high cost of coaching/living)",80.0,2.5,7.5,2026,6,1,Monday,4,4,1.07,1,0
2026-06-01 19:15:44,18 – 20,Male,Medical Entrance,2nd attempt,Excellent (Cleared the exam / Achieved target cutoff),,7-11 hours,7-8 hours,Offline physical coaching institutes / bootcamps,8.0,"Severe social isolation (cutting off friends/family), Sudden mood swings or panic attacks, Imposter syndrome (feeling like you aren't smart enough)",Family expectations and societal pressure,80.0,9.0,7.5,2026,6,1,Monday,3,1,1.07,1,0
2026-06-01 19:19:10,Under 18,Male,Engineering Entrance,1st attempt (First-timer),"Average (Passed, but did not achieve the required cutoff/rank)",80,less than 4,less than 5 hours,Online coaching apps / recorded platforms,9.0,"Chronic sleep deprivation / Insomnia, Severe social isolation (cutting off friends/family), Frequent headaches or physical fatigue, Sudden mood swings or panic attacks, Imposter syndrome (feeling like you aren't smart enough)","Fear of failure / wasting years of preparation, Family expectations and societal pressure, Seeing peers move ahead in life, Financial strain (high cost of coaching/living)",80.0,2.5,4.0,2026,6,1,Monday,5,4,2.25,1,1
2026-06-01 19:20:45,Under 18,Male,Other~,4 or more attempts,Excellent (Cleared the exam / Achieved target cutoff),1E+30,less than 4,more than 8 hours,Self-study entirely,1.0,"Chronic sleep deprivation / Insomnia, Severe social isolation (cutting off friends/family), Frequent headaches or physical fatigue, Sudden mood swings or panic attacks, Imposter syndrome (feeling like you aren't smart enough), None, Form acche se banao","Fear of failure / wasting years of preparation, Family expectations and societal pressure, Seeing peers move ahead in life, Financial strain (high cost of coaching/living), Pata nai",1.0,2.5,9.5,2026,6,1,Monday,7,5,0.11,0,0
2026-06-01 19:25:03,18 – 20,Female,Civil Services / Government Exams,1st attempt (First-timer),"Average (Passed, but did not achieve the required cutoff/rank)",,7-11 hours,less than 5 hours,Online coaching apps / recorded platforms,5.0,"Chronic sleep deprivation / Insomnia, Severe social isolation (cutting off friends/family), Frequent headaches or physical fatigue","Fear of failure / wasting years of preparation, Family expectations and societal pressure, Financial strain (high cost of coaching/living)",80.0,9.0,4.0,2026,6,1,Monday,3,3,1.25,0,1
2026-06-01 19:27:46,21-23,Female,Engineering Entrance,1st attempt (First-timer),"Average (Passed, but did not achieve the required cutoff/rank)",77,less than 4,5-6 hours,Self-study entirely,5.0,"Chronic sleep deprivation / Insomnia, Frequent headaches or physical fatigue, Imposter syndrome (feeling like you aren't smart enough)",Financial strain (high cost of coaching/living),77.0,2.5,5.5,2026,6,1,Monday,3,1,0.91,0,1
2026-06-01 19:40:34,18 – 20,Female,Medical Entrance,1st attempt (First-timer),Below Average (Did not qualify),,4-7 hours,5-6 hours,Self-study entirely,10.0,"Chronic sleep deprivation / Insomnia, Severe social isolation (cutting off friends/family), Frequent headaches or physical fatigue, Sudden mood swings or panic attacks, Imposter syndrome (feeling like you aren't smart enough)","Fear of failure / wasting years of preparation, Family expectations and societal pressure, Financial strain (high cost of coaching/living)",80.0,5.5,5.5,2026,6,1,Monday,5,3,1.82,1,1
2026-06-01 20:01:08,18 – 20,Male,Engineering Entrance,1st attempt (First-timer),Excellent (Cleared the exam / Achieved target cutoff),98.22 %ile,12+ hours,less than 5 hours,Offline physical coaching institutes / bootcamps,10.0,"Chronic sleep deprivation / Insomnia, Severe social isolation (cutting off friends/family), Frequent headaches or physical fatigue, Sudden mood swings or panic attacks, Imposter syndrome (feeling like you aren't smart enough)","Fear of failure / wasting years of preparation, Family expectations and societal pressure, Seeing peers move ahead in life, Financial strain (high cost of coaching/living)",98.22,13.0,4.0,2026,6,1,Monday,5,4,2.5,1,1
2026-06-01 20:04:15,Under 18,Female,Engineering Entrance,1st attempt (First-timer),"Average (Passed, but did not achieve the required cutoff/rank)",,4-7 hours,less than 5 hours,Offline physical coaching institutes / bootcamps,6.0,,Fear of failure / wasting years of preparation,80.0,5.5,4.0,2026,6,1,Monday,0,1,1.5,0,1
2026-06-01 20:04:55,21-23,Male,Engineering Entrance,4 or more attempts,"Average (Passed, but did not achieve the required cutoff/rank)",100,less than 4,more than 8 hours,Self-study entirely,5.0,,Fear of failure / wasting years of preparation,100.0,2.5,9.5,2026,6,1,Monday,0,1,0.53,0,0
2026-06-01 20:05:41,Under 18,Others,"Engineering Entrance, Management / Graduate Admissions (e.g., CAT, GATE, GRE, GMAT), Other~",1st attempt (First-timer),"Average (Passed, but did not achieve the required cutoff/rank)",82-83,7-11 hours,7-8 hours,Offline physical coaching institutes / bootcamps,7.0,"Chronic sleep deprivation / Insomnia, Severe social isolation (cutting off friends/family), Frequent headaches or physical fatigue, Sudden mood swings or panic attacks, Imposter syndrome (feeling like you aren't smart enough)","Fear of failure / wasting years of preparation, Family expectations and societal pressure",82.0,9.0,7.5,2026,6,1,Monday,5,2,0.93,0,0
2026-06-01 20:07:11,21-23,Male,"Medical Entrance, Civil Services / Government Exams, Management / Graduate Admissions (e.g., CAT, GATE, GRE, GMAT)",1st attempt (First-timer),"Average (Passed, but did not achieve the required cutoff/rank)",80,4-7 hours,5-6 hours,Online coaching apps / recorded platforms,7.0,,"Fear of failure / wasting years of preparation, Family expectations and societal pressure, Seeing peers move ahead in life",80.0,5.5,5.5,2026,6,1,Monday,0,3,1.27,0,1
2026-06-01 20:17:50,Under 18,Male,Other~,1st attempt (First-timer),"Average (Passed, but did not achieve the required cutoff/rank)",77,less than 4,7-8 hours,Offline physical coaching institutes / bootcamps,7.0,"Severe social isolation (cutting off friends/family), Frequent headaches or physical fatigue, Imposter syndrome (feeling like you aren't smart enough)",Family expectations and societal pressure,77.0,2.5,7.5,2026,6,1,Monday,3,1,0.93,0,0
2026-06-01 20:21:55,above 26,Male,Other~,1st attempt (First-timer),Excellent (Cleared the exam / Achieved target cutoff),95%,less than 4,7-8 hours,Self-study entirely,8.0,Chronic sleep deprivation / Insomnia,Family expectations and societal pressure,95.0,2.5,7.5,2026,6,1,Monday,1,1,1.07,1,0
2026-06-01 20:26:46,18 – 20,Male,Engineering Entrance,1st attempt (First-timer),"Average (Passed, but did not achieve the required cutoff/rank)",91,4-7 hours,5-6 hours,Offline physical coaching institutes / bootcamps,7.0,"Chronic sleep deprivation / Insomnia, Imposter syndrome (feeling like you aren't smart enough)","Fear of failure / wasting years of preparation, Family expectations and societal pressure",91.0,5.5,5.5,2026,6,1,Monday,2,2,1.27,0,1
2026-06-01 20:28:37,above 26,Male,Other~,4 or more attempts,N/A (I am a first-time filer and haven't given the exam yet),30%,less than 4,less than 5 hours,Self-study entirely,2.0,,Financial strain (high cost of coaching/living),30.0,2.5,4.0,2026,6,1,Monday,0,1,0.5,0,1
2026-06-01 20:28:42,Under 18,Prefer not to say,Other~,4 or more attempts,"Average (Passed, but did not achieve the required cutoff/rank)",,less than 4,less than 5 hours,Online coaching apps / recorded platforms,10.0,Imposter syndrome (feeling like you aren't smart enough),Fear of failure / wasting years of preparation,80.0,2.5,4.0,2026,6,1,Monday,1,1,2.5,1,1
2026-06-01 20:30:18,21-23,Male,"Management / Graduate Admissions (e.g., CAT, GATE, GRE, GMAT)",1st attempt (First-timer),N/A (I am a first-time filer and haven't given the exam yet),,4-7 hours,5-6 hours,Self-study entirely,5.0,,"Fear of failure / wasting years of preparation, Family expectations and societal pressure, Seeing peers move ahead in life, Financial strain (high cost of coaching/living)",80.0,5.5,5.5,2026,6,1,Monday,0,4,0.91,0,1
2026-06-01 20:30:25,above 26,Male,Other~,4 or more attempts,Below Average (Did not qualify),10%,less than 4,less than 5 hours,Self-study entirely,1.0,,Fear of failure / wasting years of preparation,10.0,2.5,4.0,2026,6,1,Monday,0,1,0.25,0,1
2026-06-01 20:31:21,above 26,Female,Other~,1st attempt (First-timer),N/A (I am a first-time filer and haven't given the exam yet),,4-7 hours,5-6 hours,Self-study entirely,1.0,,,80.0,5.5,5.5,2026,6,1,Monday,0,0,0.18,0,1
2026-06-01 20:31:24,above 26,Male,"Engineering Entrance, Management / Graduate Admissions (e.g., CAT, GATE, GRE, GMAT)",1st attempt (First-timer),Excellent (Cleared the exam / Achieved target cutoff),78,7-11 hours,7-8 hours,Self-study entirely,3.0,,"Fear of failure / wasting years of preparation, Family expectations and societal pressure, Seeing peers move ahead in life, Financial strain (high cost of coaching/living)",78.0,9.0,7.5,2026,6,1,Monday,0,4,0.4,0,0
2026-06-01 20:32:47,above 26,Male,"Engineering Entrance, Management / Graduate Admissions (e.g., CAT, GATE, GRE, GMAT), Other~",2nd attempt,Excellent (Cleared the exam / Achieved target cutoff),80,7-11 hours,more than 8 hours,Self-study entirely,5.0,"Imposter syndrome (feeling like you aren't smart enough), None","Fear of failure / wasting years of preparation, Family expectations and societal pressure, Seeing peers move ahead in life, Financial strain (high cost of coaching/living)",80.0,9.0,9.5,2026,6,1,Monday,2,4,0.53,0,0
2026-06-01 20:32:51,above 26,Male,Other~,4 or more attempts,Below Average (Did not qualify),,less than 4,less than 5 hours,Self-study entirely,1.0,,Fear of failure / wasting years of preparation,80.0,2.5,4.0,2026,6,1,Monday,0,1,0.25,0,1
2026-06-01 20:34:25,above 26,Male,Engineering Entrance,1st attempt (First-timer),"Average (Passed, but did not achieve the required cutoff/rank)",,4-7 hours,7-8 hours,Self-study entirely,8.0,Imposter syndrome (feeling like you aren't smart enough),"Fear of failure / wasting years of preparation, Family expectations and societal pressure",80.0,5.5,7.5,2026,6,1,Monday,1,2,1.07,1,0
2026-06-01 20:38:52,24-26,Male,"Civil Services / Government Exams, Other~",1st attempt (First-timer),"Average (Passed, but did not achieve the required cutoff/rank)",,less than 4,less than 5 hours,Online coaching apps / recorded platforms,9.0,"Frequent headaches or physical fatigue, Sudden mood swings or panic attacks, Imposter syndrome (feeling like you aren't smart enough)","Fear of failure / wasting years of preparation, Family expectations and societal pressure",80.0,2.5,4.0,2026,6,1,Monday,3,2,2.25,1,1
2026-06-01 20:40:04,18 – 20,Female,Other~,2nd attempt,N/A (I am a first-time filer and haven't given the exam yet),,12+ hours,less than 5 hours,Self-study entirely,9.0,,Fear of failure / wasting years of preparation,80.0,13.0,4.0,2026,6,1,Monday,0,1,2.25,1,1
2026-06-01 20:46:22,18 – 20,Male,Civil Services / Government Exams,2nd attempt,"Average (Passed, but did not achieve the required cutoff/rank)",60,4-7 hours,5-6 hours,Online coaching apps / recorded platforms,6.0,,Fear of failure / wasting years of preparation,60.0,5.5,5.5,2026,6,1,Monday,0,1,1.09,0,1
2026-06-01 20:46:28,21-23,Male,Other~,1st attempt (First-timer),"Average (Passed, but did not achieve the required cutoff/rank)",70,4-7 hours,7-8 hours,Self-study entirely,5.0,Sudden mood swings or panic attacks,Family expectations and societal pressure,70.0,5.5,7.5,2026,6,1,Monday,1,1,0.67,0,0
2026-06-01 20:46:34,18 – 20,Male,Engineering Entrance,2nd attempt,"Average (Passed, but did not achieve the required cutoff/rank)",No,4-7 hours,5-6 hours,Online coaching apps / recorded platforms,10.0,,Seeing peers move ahead in life,80.0,5.5,5.5,2026,6,1,Monday,0,1,1.82,1,1
2026-06-01 20:47:37,18 – 20,Male,Engineering Entrance,1st attempt (First-timer),Excellent (Cleared the exam / Achieved target cutoff),,less than 4,more than 8 hours,Self-study entirely,1.0,Chronic sleep deprivation / Insomnia,"Family expectations and societal pressure, Seeing peers move ahead in life",80.0,2.5,9.5,2026,6,1,Monday,1,2,0.11,0,0
2026-06-01 20:48:28,18 – 20,Male,Engineering Entrance,1st attempt (First-timer),Excellent (Cleared the exam / Achieved target cutoff),99.889987,less than 4,more than 8 hours,Self-study entirely,10.0,Chronic sleep deprivation / Insomnia,Seeing peers move ahead in life,99.889987,2.5,9.5,2026,6,1,Monday,1,1,1.05,1,0
2026-06-01 20:49:14,24-26,Male,Other~,1st attempt (First-timer),"Average (Passed, but did not achieve the required cutoff/rank)",40,less than 4,5-6 hours,Self-study entirely,4.0,Chronic sleep deprivation / Insomnia,Family expectations and societal pressure,40.0,2.5,5.5,2026,6,1,Monday,1,1,0.73,0,1
2026-06-01 20:51:08,21-23,Male,Engineering Entrance,1st attempt (First-timer),Below Average (Did not qualify),,less than 4,7-8 hours,Self-study entirely,2.0,,Family expectations and societal pressure,80.0,2.5,7.5,2026,6,1,Monday,0,1,0.27,0,0
2026-06-01 20:52:17,18 – 20,Male,Engineering Entrance,1st attempt (First-timer),Excellent (Cleared the exam / Achieved target cutoff),,7-11 hours,7-8 hours,Self-study entirely,3.0,,7,80.0,9.0,7.5,2026,6,1,Monday,0,1,0.4,0,0
2026-06-01 20:54:08,21-23,Female,"Management / Graduate Admissions (e.g., CAT, GATE, GRE, GMAT)",2nd attempt,"Average (Passed, but did not achieve the required cutoff/rank)",,4-7 hours,5-6 hours,Online coaching apps / recorded platforms,9.0,"Chronic sleep deprivation / Insomnia, Severe social isolation (cutting off friends/family), Frequent headaches or physical fatigue, Sudden mood swings or panic attacks, Imposter syndrome (feeling like you aren't smart enough)","Fear of failure / wasting years of preparation, Family expectations and societal pressure, Seeing peers move ahead in life, Financial strain (high cost of coaching/living)",80.0,5.5,5.5,2026,6,1,Monday,5,4,1.64,1,1
2026-06-01 20:55:17,21-23,Female,"Management / Graduate Admissions (e.g., CAT, GATE, GRE, GMAT)",1st attempt (First-timer),"Average (Passed, but did not achieve the required cutoff/rank)",,7-11 hours,7-8 hours,Online coaching apps / recorded platforms,7.0,Imposter syndrome (feeling like you aren't smart enough),"Seeing peers move ahead in life, Financial strain (high cost of coaching/living)",80.0,9.0,7.5,2026,6,1,Monday,1,2,0.93,0,0
2026-06-01 21:00:36,18 – 20,Male,Other~,1st attempt (First-timer),N/A (I am a first-time filer and haven't given the exam yet),,4-7 hours,7-8 hours,Self-study entirely,6.0,Chronic sleep deprivation / Insomnia,Financial strain (high cost of coaching/living),80.0,5.5,7.5,2026,6,1,Monday,1,1,0.8,0,0
2026-06-01 21:02:09,above 26,Female,Civil Services / Government Exams,2nd attempt,"Average (Passed, but did not achieve the required cutoff/rank)",Good,4-7 hours,5-6 hours,Self-study entirely,3.0,Frequent headaches or physical fatigue,Fear of failure / wasting years of preparation,80.0,5.5,5.5,2026,6,1,Monday,1,1,0.55,0,1
2026-06-01 21:06:12,above 26,Female,"Medical Entrance, Other~",2nd attempt,"Average (Passed, but did not achieve the required cutoff/rank)",I have never seen the result,4-7 hours,5-6 hours,Self-study entirely,9.0,Chronic sleep deprivation / Insomnia,"Fear of failure / wasting years of preparation, Family expectations and societal pressure, Seeing peers move ahead in life",80.0,5.5,5.5,2026,6,1,Monday,1,3,1.64,1,1
2026-06-01 21:07:07,24-26,Female,"Medical Entrance, Other~",1st attempt (First-timer),"Average (Passed, but did not achieve the required cutoff/rank)",60,4-7 hours,more than 8 hours,Self-study entirely,6.0,"Frequent headaches or physical fatigue, Sudden mood swings or panic attacks, Imposter syndrome (feeling like you aren't smart enough)","Fear of failure / wasting years of preparation, Seeing peers move ahead in life",60.0,5.5,9.5,2026,6,1,Monday,3,2,0.63,0,0
2026-06-01 21:10:40,24-26,Female,Civil Services / Government Exams,4 or more attempts,"Average (Passed, but did not achieve the required cutoff/rank)",76/100,less than 4,5-6 hours,Online coaching apps / recorded platforms,10.0,"Chronic sleep deprivation / Insomnia, Frequent headaches or physical fatigue, Sudden mood swings or panic attacks, Imposter syndrome (feeling like you aren't smart enough)","Fear of failure / wasting years of preparation, Family expectations and societal pressure, Seeing peers move ahead in life",76.0,2.5,5.5,2026,6,1,Monday,4,3,1.82,1,1
2026-06-01 21:12:55,24-26,Female,Medical Entrance,1st attempt (First-timer),Excellent (Cleared the exam / Achieved target cutoff),,less than 4,7-8 hours,Self-study entirely,8.0,Sudden mood swings or panic attacks,,80.0,2.5,7.5,2026,6,1,Monday,1,0,1.07,1,0
2026-06-01 21:31:11,above 26,Female,"Medical Entrance, Other~",2nd attempt,Below Average (Did not qualify),45,less than 4,less than 5 hours,Self-study entirely,7.0,Frequent headaches or physical fatigue,Fear of failure / wasting years of preparation,45.0,2.5,4.0,2026,6,1,Monday,1,1,1.75,0,1
2026-06-01 21:34:15,21-23,Male,"Management / Graduate Admissions (e.g., CAT, GATE, GRE, GMAT)",3rd attempt,Below Average (Did not qualify),,less than 4,7-8 hours,Online coaching apps / recorded platforms,2.0,Sudden mood swings or panic attacks,Family expectations and societal pressure,80.0,2.5,7.5,2026,6,1,Monday,1,1,0.27,0,0
2026-06-01 21:34:17,21-23,Male,Other~,2nd attempt,Below Average (Did not qualify),I can't bcz I didn't prep for that I just went to check,less than 4,5-6 hours,Self-study entirely,7.0,"Chronic sleep deprivation / Insomnia, Imposter syndrome (feeling like you aren't smart enough)","Fear of failure / wasting years of preparation, Family expectations and societal pressure, Financial strain (high cost of coaching/living)",80.0,2.5,5.5,2026,6,1,Monday,2,3,1.27,0,1
2026-06-01 21:36:44,24-26,Male,Medical Entrance,3rd attempt,Below Average (Did not qualify),,4-7 hours,7-8 hours,Online coaching apps / recorded platforms,4.0,Sudden mood swings or panic attacks,Seeing peers move ahead in life,80.0,5.5,7.5,2026,6,1,Monday,1,1,0.53,0,0
2026-06-01 21:44:34,Under 18,Male,Engineering Entrance,1st attempt (First-timer),Excellent (Cleared the exam / Achieved target cutoff),99.47 percentile ,4-7 hours,5-6 hours,Online coaching apps / recorded platforms,7.0,"Imposter syndrome (feeling like you aren't smart enough), Self doubt, etc","Fear of failure / wasting years of preparation, Family expectations and societal pressure, Financial strain (high cost of coaching/living)",99.47,5.5,5.5,2026,6,1,Monday,3,3,1.27,0,1
2026-06-01 21:45:30,above 26,Male,Other~,4 or more attempts,Below Average (Did not qualify),,4-7 hours,7-8 hours,Online coaching apps / recorded platforms,8.0,"Severe social isolation (cutting off friends/family), Imposter syndrome (feeling like you aren't smart enough), Feeling like worthless ",Fear of failure / wasting years of preparation,80.0,5.5,7.5,2026,6,1,Monday,3,1,1.07,1,0
2026-06-01 21:49:33,18 – 20,Male,Engineering Entrance,2nd attempt,Below Average (Did not qualify),44,4-7 hours,less than 5 hours,Online coaching apps / recorded platforms,10.0,"Chronic sleep deprivation / Insomnia, Frequent headaches or physical fatigue","Fear of failure / wasting years of preparation, Financial strain (high cost of coaching/living)",44.0,5.5,4.0,2026,6,1,Monday,2,2,2.5,1,1
2026-06-01 21:49:38,24-26,Female,"Management / Graduate Admissions (e.g., CAT, GATE, GRE, GMAT)",3rd attempt,Below Average (Did not qualify),,7-11 hours,more than 8 hours,Online coaching apps / recorded platforms,5.0,"Imposter syndrome (feeling like you aren't smart enough), None",Seeing peers move ahead in life,80.0,9.0,9.5,2026,6,1,Monday,2,1,0.53,0,0
2026-06-01 21:50:20,21-23,Female,"Management / Graduate Admissions (e.g., CAT, GATE, GRE, GMAT)",1st attempt (First-timer),"Average (Passed, but did not achieve the required cutoff/rank)",70,4-7 hours,5-6 hours,Online coaching apps / recorded platforms,10.0,"Chronic sleep deprivation / Insomnia, Severe social isolation (cutting off friends/family), Frequent headaches or physical fatigue, Sudden mood swings or panic attacks",Fear of failure / wasting years of preparation,70.0,5.5,5.5,2026,6,1,Monday,4,1,1.82,1,1
2026-06-01 21:51:31,18 – 20,Female,Other~,1st attempt (First-timer),N/A (I am a first-time filer and haven't given the exam yet),,less than 4,5-6 hours,Self-study entirely,7.0,"Severe social isolation (cutting off friends/family), Imposter syndrome (feeling like you aren't smart enough)","Fear of failure / wasting years of preparation, Family expectations and societal pressure, Seeing peers move ahead in life, Financial strain (high cost of coaching/living)",80.0,2.5,5.5,2026,6,1,Monday,2,4,1.27,0,1
2026-06-01 21:52:52,Under 18,Male,Engineering Entrance,2nd attempt,Excellent (Cleared the exam / Achieved target cutoff),,4-7 hours,5-6 hours,Self-study entirely,8.0,Frequent headaches or physical fatigue,Fear of failure / wasting years of preparation,80.0,5.5,5.5,2026,6,1,Monday,1,1,1.45,1,1
2026-06-01 21:55:33,18 – 20,Female,"Engineering Entrance, Other~",1st attempt (First-timer),Excellent (Cleared the exam / Achieved target cutoff),,12+ hours,less than 5 hours,Self-study entirely,8.0,"Chronic sleep deprivation / Insomnia, Severe social isolation (cutting off friends/family), Frequent headaches or physical fatigue, Sudden mood swings or panic attacks, Imposter syndrome (feeling like you aren't smart enough)","Fear of failure / wasting years of preparation, Family expectations and societal pressure, Financial strain (high cost of coaching/living)",80.0,13.0,4.0,2026,6,1,Monday,5,3,2.0,1,1
2026-06-01 21:55:36,18 – 20,Female,Civil Services / Government Exams,2nd attempt,"Average (Passed, but did not achieve the required cutoff/rank)",,4-7 hours,7-8 hours,Online coaching apps / recorded platforms,7.0,"Frequent headaches or physical fatigue, Sudden mood swings or panic attacks","Fear of failure / wasting years of preparation, ",80.0,5.5,7.5,2026,6,1,Monday,2,2,0.93,0,0
2026-06-01 22:04:05,21-23,Male,Engineering Entrance,1st attempt (First-timer),N/A (I am a first-time filer and haven't given the exam yet),,,,,8.0,"Chronic sleep deprivation / Insomnia, Imposter syndrome (feeling like you aren't smart enough)","Fear of failure / wasting years of preparation, Financial strain (high cost of coaching/living)",80.0,5.5,5.5,2026,6,1,Monday,2,2,1.45,1,1
2026-06-01 22:04:08,21-23,Male,Engineering Entrance,2nd attempt,"Average (Passed, but did not achieve the required cutoff/rank)",,less than 4,less than 5 hours,Self-study entirely,1.0,Chronic sleep deprivation / Insomnia,Fear of failure / wasting years of preparation,80.0,2.5,4.0,2026,6,1,Monday,1,1,0.25,0,1
2026-06-01 22:10:40,,Male,Engineering Entrance,1st attempt (First-timer),"Average (Passed, but did not achieve the required cutoff/rank)",,4-7 hours,5-6 hours,Self-study entirely,5.0,"Imposter syndrome (feeling like you aren't smart enough), None","Fear of failure / wasting years of preparation, Family expectations and societal pressure, Seeing peers move ahead in life",80.0,5.5,5.5,2026,6,1,Monday,2,3,0.91,0,1
2026-06-01 22:24:02,18 – 20,Male,Engineering Entrance,1st attempt (First-timer),"Average (Passed, but did not achieve the required cutoff/rank)",No thank u,less than 4,less than 5 hours,Self-study entirely,6.0,,Family expectations and societal pressure,80.0,2.5,4.0,2026,6,1,Monday,0,1,1.5,0,1
2026-06-01 22:24:25,18 – 20,Male,Other~,1st attempt (First-timer),N/A (I am a first-time filer and haven't given the exam yet),,less than 4,less than 5 hours,Self-study entirely,9.0,Chronic sleep deprivation / Insomnia,Family expectations and societal pressure,80.0,2.5,4.0,2026,6,1,Monday,1,1,2.25,1,1
2026-06-01 22:24:52,21-23,Female,Medical Entrance,1st attempt (First-timer),"Average (Passed, but did not achieve the required cutoff/rank)",.,less than 4,less than 5 hours,Self-study entirely,10.0,Frequent headaches or physical fatigue,"Fear of failure / wasting years of preparation, Family expectations and societal pressure",80.0,2.5,4.0,2026,6,1,Monday,1,2,2.5,1,1
2026-06-01 22:36:19,21-23,Male,Engineering Entrance,1st attempt (First-timer),Excellent (Cleared the exam / Achieved target cutoff),Don't remember ,less than 4,7-8 hours,Self-study entirely,3.0,,I never take stress,80.0,2.5,7.5,2026,6,1,Monday,0,1,0.4,0,0
2026-06-01 22:48:25,above 26,Male,Other~,1st attempt (First-timer),N/A (I am a first-time filer and haven't given the exam yet),86,less than 4,less than 5 hours,Online coaching apps / recorded platforms,10.0,"Chronic sleep deprivation / Insomnia, Severe social isolation (cutting off friends/family), Frequent headaches or physical fatigue, Sudden mood swings or panic attacks, Imposter syndrome (feeling like you aren't smart enough)","Fear of failure / wasting years of preparation, Family expectations and societal pressure, Seeing peers move ahead in life, Financial strain (high cost of coaching/living)",86.0,2.5,4.0,2026,6,1,Monday,5,4,2.5,1,1
2026-06-01 22:48:33,Under 18,Female,Other~,1st attempt (First-timer),"Average (Passed, but did not achieve the required cutoff/rank)",,less than 4,less than 5 hours,Self-study entirely,10.0,Chronic sleep deprivation / Insomnia,Sumit,80.0,2.5,4.0,2026,6,1,Monday,1,1,2.5,1,1
2026-06-01 22:48:39,24-26,Female,Civil Services / Government Exams,1st attempt (First-timer),N/A (I am a first-time filer and haven't given the exam yet),,less than 4,5-6 hours,Self-study entirely,7.0,Chronic sleep deprivation / Insomnia,Fear of failure / wasting years of preparation,80.0,2.5,5.5,2026,6,1,Monday,1,1,1.27,0,1
2026-06-01 22:55:27,Under 18,Male,Other~,1st attempt (First-timer),N/A (I am a first-time filer and haven't given the exam yet),,less than 4,7-8 hours,Self-study entirely,6.0,Chronic sleep deprivation / Insomnia,Financial strain (high cost of coaching/living),80.0,2.5,7.5,2026,6,1,Monday,1,1,0.8,0,0
2026-06-01 23:04:12,18 – 20,Female,Engineering Entrance,1st attempt (First-timer),Below Average (Did not qualify),I think 65 percentile ,less than 4,5-6 hours,Offline physical coaching institutes / bootcamps,9.0,"Frequent headaches or physical fatigue, Sudden mood swings or panic attacks, Imposter syndrome (feeling like you aren't smart enough)","Fear of failure / wasting years of preparation, Family expectations and societal pressure, Seeing peers move ahead in life",65.0,2.5,5.5,2026,6,1,Monday,3,3,1.64,1,1
2026-06-01 23:28:18,24-26,Female,Other~,1st attempt (First-timer),N/A (I am a first-time filer and haven't given the exam yet),,4-7 hours,7-8 hours,Self-study entirely,8.0,,,80.0,5.5,7.5,2026,6,1,Monday,0,0,1.07,1,0
2026-06-01 23:35:32,above 26,Female,"Civil Services / Government Exams, Management / Graduate Admissions (e.g., CAT, GATE, GRE, GMAT)",2nd attempt,Below Average (Did not qualify),not in mind ,4-7 hours,more than 8 hours,Offline physical coaching institutes / bootcamps,1.0,,,80.0,5.5,9.5,2026,6,1,Monday,0,0,0.11,0,0
2026-06-01 23:46:44,18 – 20,Male,Engineering Entrance,1st attempt (First-timer),Below Average (Did not qualify),,4-7 hours,5-6 hours,Offline physical coaching institutes / bootcamps,8.0,"Chronic sleep deprivation / Insomnia, Severe social isolation (cutting off friends/family), Frequent headaches or physical fatigue, Sudden mood swings or panic attacks, Imposter syndrome (feeling like you aren't smart enough)","Fear of failure / wasting years of preparation, Family expectations and societal pressure, Seeing peers move ahead in life, Financial strain (high cost of coaching/living)",80.0,5.5,5.5,2026,6,1,Monday,5,4,1.45,1,1
2026-06-02 00:08:41,Under 18,Female,Other~,1st attempt (First-timer),N/A (I am a first-time filer and haven't given the exam yet),Not given yet,less than 4,less than 5 hours,Online coaching apps / recorded platforms,8.0,,"Fear of failure / wasting years of preparation, Family expectations and societal pressure, Seeing peers move ahead in life, Financial strain (high cost of coaching/living)",80.0,2.5,4.0,2026,6,2,Tuesday,0,4,2.0,1,1
2026-06-02 01:34:38,18 – 20,Female,Engineering Entrance,1st attempt (First-timer),Below Average (Did not qualify),,less than 4,7-8 hours,Online coaching apps / recorded platforms,10.0,"Frequent headaches or physical fatigue, Sudden mood swings or panic attacks","Fear of failure / wasting years of preparation, Financial strain (high cost of coaching/living)",80.0,2.5,7.5,2026,6,2,Tuesday,2,2,1.33,1,0
2026-06-02 05:54:57,21-23,Male,"Engineering Entrance, Management / Graduate Admissions (e.g., CAT, GATE, GRE, GMAT)",1st attempt (First-timer),"Average (Passed, but did not achieve the required cutoff/rank)",,less than 4,7-8 hours,Online coaching apps / recorded platforms,7.0,Imposter syndrome (feeling like you aren't smart enough),Fear of failure / wasting years of preparation,80.0,2.5,7.5,2026,6,2,Tuesday,1,1,0.93,0,0
2026-06-02 06:03:31,18 – 20,Female,Civil Services / Government Exams,2nd attempt,"Average (Passed, but did not achieve the required cutoff/rank)",79%,4-7 hours,5-6 hours,Self-study entirely,8.0,"Severe social isolation (cutting off friends/family), Frequent headaches or physical fatigue, Imposter syndrome (feeling like you aren't smart enough)","Fear of failure / wasting years of preparation, Family expectations and societal pressure, Seeing peers move ahead in life, Financial strain (high cost of coaching/living)",79.0,5.5,5.5,2026,6,2,Tuesday,3,4,1.45,1,1
2026-06-02 07:20:00,18 – 20,Female,Other~,2nd attempt,"Average (Passed, but did not achieve the required cutoff/rank)",74,7-11 hours,5-6 hours,Online coaching apps / recorded platforms,8.0,"Chronic sleep deprivation / Insomnia, Severe social isolation (cutting off friends/family), Imposter syndrome (feeling like you aren't smart enough)","Fear of failure / wasting years of preparation, Family expectations and societal pressure, Seeing peers move ahead in life",74.0,9.0,5.5,2026,6,2,Tuesday,3,3,1.45,1,1
2026-06-02 08:16:58,18 – 20,Female,Other~,1st attempt (First-timer),"Average (Passed, but did not achieve the required cutoff/rank)",,4-7 hours,5-6 hours,Self-study entirely,4.0,Frequent headaches or physical fatigue,"Fear of failure / wasting years of preparation, Family expectations and societal pressure",80.0,5.5,5.5,2026,6,2,Tuesday,1,2,0.73,0,1
2026-06-02 08:17:28,18 – 20,Male,Other~,1st attempt (First-timer),Excellent (Cleared the exam / Achieved target cutoff),No ,7-11 hours,7-8 hours,Self-study entirely,10.0,Sudden mood swings or panic attacks,Financial strain (high cost of coaching/living),80.0,9.0,7.5,2026,6,2,Tuesday,1,1,1.33,1,0
2026-06-02 08:44:04,18 – 20,Male,Engineering Entrance,2nd attempt,Excellent (Cleared the exam / Achieved target cutoff),,4-7 hours,5-6 hours,Offline physical coaching institutes / bootcamps,10.0,"Chronic sleep deprivation / Insomnia, Severe social isolation (cutting off friends/family), Frequent headaches or physical fatigue, Sudden mood swings or panic attacks, Imposter syndrome (feeling like you aren't smart enough)","Fear of failure / wasting years of preparation, Family expectations and societal pressure, Seeing peers move ahead in life, Financial strain (high cost of coaching/living)",80.0,5.5,5.5,2026,6,2,Tuesday,5,4,1.82,1,1
2026-06-02 08:45:40,21-23,Female,Civil Services / Government Exams,2nd attempt,"Average (Passed, but did not achieve the required cutoff/rank)",,4-7 hours,7-8 hours,Online coaching apps / recorded platforms,4.0,Frequent headaches or physical fatigue,Family expectations and societal pressure,80.0,5.5,7.5,2026,6,2,Tuesday,1,1,0.53,0,0
2026-06-02 08:47:06,above 26,Male,Other~,4 or more attempts,Below Average (Did not qualify),,4-7 hours,less than 5 hours,Offline physical coaching institutes / bootcamps,3.0,Sudden mood swings or panic attacks,Financial strain (high cost of coaching/living),80.0,5.5,4.0,2026,6,2,Tuesday,1,1,0.75,0,1
2026-06-02 08:49:37,Under 18,Male,"Management / Graduate Admissions (e.g., CAT, GATE, GRE, GMAT)",2nd attempt,"Average (Passed, but did not achieve the required cutoff/rank)",,4-7 hours,7-8 hours,Online coaching apps / recorded platforms,4.0,Imposter syndrome (feeling like you aren't smart enough),Fear of failure / wasting years of preparation,80.0,5.5,7.5,2026,6,2,Tuesday,1,1,0.53,0,0
2026-06-02 08:49:38,21-23,Female,Medical Entrance,1st attempt (First-timer),"Average (Passed, but did not achieve the required cutoff/rank)",,4-7 hours,7-8 hours,Self-study entirely,5.0,Severe social isolation (cutting off friends/family),Seeing peers move ahead in life,80.0,5.5,7.5,2026,6,2,Tuesday,1,1,0.67,0,0
2026-06-02 09:12:03,21-23,Female,Medical Entrance,4 or more attempts,Excellent (Cleared the exam / Achieved target cutoff),,12+ hours,5-6 hours,Offline physical coaching institutes / bootcamps,10.0,"Chronic sleep deprivation / Insomnia, Severe social isolation (cutting off friends/family), Imposter syndrome (feeling like you aren't smart enough)","Fear of failure / wasting years of preparation, Family expectations and societal pressure, Seeing peers move ahead in life, Financial strain (high cost of coaching/living)",80.0,13.0,5.5,2026,6,2,Tuesday,3,4,1.82,1,1
2026-06-02 09:12:54,above 26,Male,Civil Services / Government Exams,3rd attempt,Excellent (Cleared the exam / Achieved target cutoff),,12+ hours,5-6 hours,Offline physical coaching institutes / bootcamps,10.0,,,80.0,13.0,5.5,2026,6,2,Tuesday,0,0,1.82,1,1
2026-06-02 09:12:56,18 – 20,Male,Other~,1st attempt (First-timer),N/A (I am a first-time filer and haven't given the exam yet),,4-7 hours,5-6 hours,Online coaching apps / recorded platforms,7.0,Imposter syndrome (feeling like you aren't smart enough),Fear of failure / wasting years of preparation,80.0,5.5,5.5,2026,6,2,Tuesday,1,1,1.27,0,1
2026-06-02 09:14:43,18 – 20,Male,"Management / Graduate Admissions (e.g., CAT, GATE, GRE, GMAT)",2nd attempt,Excellent (Cleared the exam / Achieved target cutoff),,4-7 hours,7-8 hours,Online coaching apps / recorded platforms,4.0,Severe social isolation (cutting off friends/family),,80.0,5.5,7.5,2026,6,2,Tuesday,1,0,0.53,0,0
2026-06-02 09:14:42,21-23,Male,Engineering Entrance,1st attempt (First-timer),Excellent (Cleared the exam / Achieved target cutoff),98,12+ hours,more than 8 hours,Online coaching apps / recorded platforms,10.0,Imposter syndrome (feeling like you aren't smart enough),"Fear of failure / wasting years of preparation, Seeing peers move ahead in life",98.0,13.0,9.5,2026,6,2,Tuesday,1,2,1.05,1,0
2026-06-02 09:15:57,21-23,Female,Civil Services / Government Exams,2nd attempt,Below Average (Did not qualify),,less than 4,more than 8 hours,Online coaching apps / recorded platforms,6.0,Frequent headaches or physical fatigue,Seeing peers move ahead in life,80.0,2.5,9.5,2026,6,2,Tuesday,1,1,0.63,0,0
2026-06-02 09:15:58,18 – 20,Female,"Medical Entrance, Management / Graduate Admissions (e.g., CAT, GATE, GRE, GMAT)",1st attempt (First-timer),Below Average (Did not qualify),76,4-7 hours,7-8 hours,Offline physical coaching institutes / bootcamps,6.0,"Severe social isolation (cutting off friends/family), Frequent headaches or physical fatigue","Fear of failure / wasting years of preparation, Family expectations and societal pressure",76.0,5.5,7.5,2026,6,2,Tuesday,2,2,0.8,0,0
2026-06-02 09:17:11,18 – 20,Female,Other~,3rd attempt,N/A (I am a first-time filer and haven't given the exam yet),,12+ hours,more than 8 hours,Offline physical coaching institutes / bootcamps,4.0,Severe social isolation (cutting off friends/family),Seeing peers move ahead in life,80.0,13.0,9.5,2026,6,2,Tuesday,1,1,0.42,0,0
2026-06-02 09:18:07,above 26,Others,Medical Entrance,4 or more attempts,Below Average (Did not qualify),,7-11 hours,5-6 hours,Self-study entirely,3.0,Sudden mood swings or panic attacks,Family expectations and societal pressure,80.0,9.0,5.5,2026,6,2,Tuesday,1,1,0.55,0,1
2026-06-02 09:18:13,21-23,Female,Engineering Entrance,1st attempt (First-timer),"Average (Passed, but did not achieve the required cutoff/rank)",Na,4-7 hours,5-6 hours,Self-study entirely,5.0,,Family expectations and societal pressure,80.0,5.5,5.5,2026,6,2,Tuesday,0,1,0.91,0,1
2026-06-02 09:18:54,18 – 20,Prefer not to say,Engineering Entrance,1st attempt (First-timer),Below Average (Did not qualify),,less than 4,less than 5 hours,Online coaching apps / recorded platforms,9.0,Imposter syndrome (feeling like you aren't smart enough),Family expectations and societal pressure,80.0,2.5,4.0,2026,6,2,Tuesday,1,1,2.25,1,1
2026-06-02 09:19:44,21-23,Prefer not to say,"Management / Graduate Admissions (e.g., CAT, GATE, GRE, GMAT)",2nd attempt,Below Average (Did not qualify),,7-11 hours,7-8 hours,Online coaching apps / recorded platforms,2.0,Imposter syndrome (feeling like you aren't smart enough),Seeing peers move ahead in life,80.0,9.0,7.5,2026,6,2,Tuesday,1,1,0.27,0,0
2026-06-02 09:20:50,24-26,Female,Other~,3rd attempt,Below Average (Did not qualify),,7-11 hours,5-6 hours,Self-study entirely,1.0,,Financial strain (high cost of coaching/living),80.0,9.0,5.5,2026,6,2,Tuesday,0,1,0.18,0,1
2026-06-02 09:21:49,24-26,Female,Medical Entrance,4 or more attempts,"Average (Passed, but did not achieve the required cutoff/rank)",,4-7 hours,5-6 hours,Offline physical coaching institutes / bootcamps,4.0,Frequent headaches or physical fatigue,Fear of failure / wasting years of preparation,80.0,5.5,5.5,2026,6,2,Tuesday,1,1,0.73,0,1
2026-06-02 09:22:36,above 26,Prefer not to say,"Management / Graduate Admissions (e.g., CAT, GATE, GRE, GMAT)",1st attempt (First-timer),Excellent (Cleared the exam / Achieved target cutoff),,4-7 hours,7-8 hours,Online coaching apps / recorded platforms,4.0,Severe social isolation (cutting off friends/family),Family expectations and societal pressure,80.0,5.5,7.5,2026,6,2,Tuesday,1,1,0.53,0,0
2026-06-02 09:23:14,24-26,Prefer not to say,"Management / Graduate Admissions (e.g., CAT, GATE, GRE, GMAT)",4 or more attempts,N/A (I am a first-time filer and haven't given the exam yet),,7-11 hours,less than 5 hours,Self-study entirely,7.0,Imposter syndrome (feeling like you aren't smart enough),Financial strain (high cost of coaching/living),80.0,9.0,4.0,2026,6,2,Tuesday,1,1,1.75,0,1
2026-06-02 09:24:02,24-26,Male,Engineering Entrance,1st attempt (First-timer),"Average (Passed, but did not achieve the required cutoff/rank)",89.8,less than 4,7-8 hours,Online coaching apps / recorded platforms,8.0,"Sudden mood swings or panic attacks, Imposter syndrome (feeling like you aren't smart enough)","Fear of failure / wasting years of preparation, Family expectations and societal pressure, Seeing peers move ahead in life, Financial strain (high cost of coaching/living)",89.8,2.5,7.5,2026,6,2,Tuesday,2,4,1.07,1,0
2026-06-02 09:24:37,21-23,Male,Medical Entrance,1st attempt (First-timer),N/A (I am a first-time filer and haven't given the exam yet),,less than 4,5-6 hours,Self-study entirely,6.0,"Frequent headaches or physical fatigue, Sudden mood swings or panic attacks, Imposter syndrome (feeling like you aren't smart enough)","Fear of failure / wasting years of preparation, Family expectations and societal pressure",80.0,2.5,5.5,2026,6,2,Tuesday,3,2,1.09,0,1
2026-06-02 09:50:10,18 – 20,Female,Civil Services / Government Exams,1st attempt (First-timer),N/A (I am a first-time filer and haven't given the exam yet),,4-7 hours,5-6 hours,Self-study entirely,7.0,Sudden mood swings or panic attacks,Family expectations and societal pressure,80.0,5.5,5.5,2026,6,2,Tuesday,1,1,1.27,0,1
2026-06-02 09:52:49,18 – 20,Female,Civil Services / Government Exams,1st attempt (First-timer),N/A (I am a first-time filer and haven't given the exam yet),,4-7 hours,less than 5 hours,Self-study entirely,8.0,"Frequent headaches or physical fatigue, Imposter syndrome (feeling like you aren't smart enough)","Seeing peers move ahead in life, Financial strain (high cost of coaching/living)",80.0,5.5,4.0,2026,6,2,Tuesday,2,2,2.0,1,1
2026-06-02 10:00:42,Under 18,Female,"Management / Graduate Admissions (e.g., CAT, GATE, GRE, GMAT)",1st attempt (First-timer),Excellent (Cleared the exam / Achieved target cutoff),Out of hundred i would say 85 percentile,4-7 hours,5-6 hours,Self-study entirely,9.0,"Chronic sleep deprivation / Insomnia, Frequent headaches or physical fatigue","Fear of failure / wasting years of preparation, Family expectations and societal pressure",85.0,5.5,5.5,2026,6,2,Tuesday,2,2,1.64,1,1
2026-06-02 10:14:36,18 – 20,Male,Other~,4 or more attempts,N/A (I am a first-time filer and haven't given the exam yet),,less than 4,less than 5 hours,Self-study entirely,1.0,,Fear of failure / wasting years of preparation,80.0,2.5,4.0,2026,6,2,Tuesday,0,1,0.25,0,1
2026-06-02 10:19:09,18 – 20,Female,"Management / Graduate Admissions (e.g., CAT, GATE, GRE, GMAT)",1st attempt (First-timer),N/A (I am a first-time filer and haven't given the exam yet),,less than 4,less than 5 hours,Self-study entirely,8.0,"Chronic sleep deprivation / Insomnia, Imposter syndrome (feeling like you aren't smart enough)","Fear of failure / wasting years of preparation, Family expectations and societal pressure",80.0,2.5,4.0,2026,6,2,Tuesday,2,2,2.0,1,1
2026-06-02 10:21:47,21-23,Female,Civil Services / Government Exams,1st attempt (First-timer),"Average (Passed, but did not achieve the required cutoff/rank)",80%,4-7 hours,5-6 hours,Self-study entirely,5.0,Frequent headaches or physical fatigue,Seeing peers move ahead in life,80.0,5.5,5.5,2026,6,2,Tuesday,1,1,0.91,0,1
2026-06-02 10:57:15,above 26,Female,Other~,1st attempt (First-timer),"Average (Passed, but did not achieve the required cutoff/rank)",,4-7 hours,5-6 hours,Self-study entirely,9.0,Sudden mood swings or panic attacks,"Fear of failure / wasting years of preparation, Family expectations and societal pressure, Seeing peers move ahead in life, Financial strain (high cost of coaching/living)",80.0,5.5,5.5,2026,6,2,Tuesday,1,4,1.64,1,1
2026-06-02 11:00:24,above 26,Male,Civil Services / Government Exams,4 or more attempts,"Average (Passed, but did not achieve the required cutoff/rank)",,4-7 hours,5-6 hours,Self-study entirely,7.0,Frequent headaches or physical fatigue,Family expectations and societal pressure,80.0,5.5,5.5,2026,6,2,Tuesday,1,1,1.27,0,1
2026-06-02 11:22:52,Under 18,Male,"Management / Graduate Admissions (e.g., CAT, GATE, GRE, GMAT), Other~",4 or more attempts,Below Average (Did not qualify),,less than 4,less than 5 hours,Self-study entirely,1.0,,Financial strain (high cost of coaching/living),80.0,2.5,4.0,2026,6,2,Tuesday,0,1,0.25,0,1
2026-06-02 11:29:00,18 – 20,Male,"Medical Entrance, Civil Services / Government Exams",4 or more attempts,"Average (Passed, but did not achieve the required cutoff/rank)",,less than 4,5-6 hours,Self-study entirely,2.0,,Family expectations and societal pressure,80.0,2.5,5.5,2026,6,2,Tuesday,0,1,0.36,0,1
2026-06-02 11:29:47,18 – 20,Female,Medical Entrance,1st attempt (First-timer),N/A (I am a first-time filer and haven't given the exam yet),,4-7 hours,5-6 hours,Self-study entirely,1.0,"Chronic sleep deprivation / Insomnia, Severe social isolation (cutting off friends/family), Frequent headaches or physical fatigue, Sudden mood swings or panic attacks, Imposter syndrome (feeling like you aren't smart enough)","Fear of failure / wasting years of preparation, Family expectations and societal pressure, Seeing peers move ahead in life, Financial strain (high cost of coaching/living)",80.0,5.5,5.5,2026,6,2,Tuesday,5,4,0.18,0,1
2026-06-02 11:30:45,21-23,Female,Medical Entrance,4 or more attempts,Below Average (Did not qualify),,less than 4,5-6 hours,Self-study entirely,6.0,,Seeing peers move ahead in life,80.0,2.5,5.5,2026,6,2,Tuesday,0,1,1.09,0,1
2026-06-02 11:35:12,21-23,Male,"Management / Graduate Admissions (e.g., CAT, GATE, GRE, GMAT)",4 or more attempts,Excellent (Cleared the exam / Achieved target cutoff),,less than 4,5-6 hours,Self-study entirely,3.0,,,80.0,2.5,5.5,2026,6,2,Tuesday,0,0,0.55,0,1
2026-06-02 11:40:05,Under 18,Male,Other~,1st attempt (First-timer),N/A (I am a first-time filer and haven't given the exam yet),I am a first time filer and haven't given the exam yet,less than 4,less than 5 hours,Online coaching apps / recorded platforms,10.0,Sudden mood swings or panic attacks,Family expectations and societal pressure,80.0,2.5,4.0,2026,6,2,Tuesday,1,1,2.5,1,1
2026-06-02 12:23:34,21-23,Female,"Engineering Entrance, Management / Graduate Admissions (e.g., CAT, GATE, GRE, GMAT)",1st attempt (First-timer),Below Average (Did not qualify),,less than 4,7-8 hours,Self-study entirely,7.0,,"Fear of failure / wasting years of preparation, ",80.0,2.5,7.5,2026,6,2,Tuesday,0,2,0.93,0,0
2026-06-02 12:39:10,18 – 20,Male,Engineering Entrance,1st attempt (First-timer),Below Average (Did not qualify),66,less than 4,7-8 hours,Offline physical coaching institutes / bootcamps,1.0,,Fear of failure / wasting years of preparation,66.0,2.5,7.5,2026,6,2,Tuesday,0,1,0.13,0,0
2026-06-02 12:40:29,21-23,Female,Civil Services / Government Exams,1st attempt (First-timer),"Average (Passed, but did not achieve the required cutoff/rank)","I have still not appeared for the exams, only attempted mock",4-7 hours,5-6 hours,Online coaching apps / recorded platforms,6.0,"Severe social isolation (cutting off friends/family), Imposter syndrome (feeling like you aren't smart enough)",Fear of failure / wasting years of preparation,80.0,5.5,5.5,2026,6,2,Tuesday,2,1,1.09,0,1
2026-06-02 12:52:21,18 – 20,Male,Other~,1st attempt (First-timer),N/A (I am a first-time filer and haven't given the exam yet),,less than 4,less than 5 hours,Self-study entirely,7.0,"Chronic sleep deprivation / Insomnia, Frequent headaches or physical fatigue",,80.0,2.5,4.0,2026,6,2,Tuesday,2,0,1.75,0,1
2026-06-02 13:02:14,24-26,Female,Medical Entrance,1st attempt (First-timer),Excellent (Cleared the exam / Achieved target cutoff),,4-7 hours,7-8 hours,Self-study entirely,10.0,,Seeing peers move ahead in life,80.0,5.5,7.5,2026,6,2,Tuesday,0,1,1.33,1,0
2026-06-02 13:02:20,24-26,Female,Medical Entrance,1st attempt (First-timer),Excellent (Cleared the exam / Achieved target cutoff),,4-7 hours,7-8 hours,Self-study entirely,10.0,,Seeing peers move ahead in life,80.0,5.5,7.5,2026,6,2,Tuesday,0,1,1.33,1,0
2026-06-02 13:04:39,24-26,Male,"Management / Graduate Admissions (e.g., CAT, GATE, GRE, GMAT)",1st attempt (First-timer),"Average (Passed, but did not achieve the required cutoff/rank)",,less than 4,5-6 hours,Self-study entirely,7.0,,Fear of failure / wasting years of preparation,80.0,2.5,5.5,2026,6,2,Tuesday,0,1,1.27,0,1
2026-06-02 13:07:54,18 – 20,Female,Engineering Entrance,2nd attempt,"Average (Passed, but did not achieve the required cutoff/rank)",,4-7 hours,,,3.0,Frequent headaches or physical fatigue,Seeing peers move ahead in life,80.0,5.5,5.5,2026,6,2,Tuesday,1,1,0.55,0,1
2026-06-02 13:09:36,above 26,Female,"Engineering Entrance, Civil Services / Government Exams",4 or more attempts,Excellent (Cleared the exam / Achieved target cutoff),,7-11 hours,5-6 hours,Self-study entirely,10.0,"Chronic sleep deprivation / Insomnia, Frequent headaches or physical fatigue",Fear of failure / wasting years of preparation,80.0,9.0,5.5,2026,6,2,Tuesday,2,1,1.82,1,1
2026-06-02 13:11:19,24-26,Male,Civil Services / Government Exams,2nd attempt,"Average (Passed, but did not achieve the required cutoff/rank)",,4-7 hours,5-6 hours,Online coaching apps / recorded platforms,1.0,"Severe social isolation (cutting off friends/family), Imposter syndrome (feeling like you aren't smart enough)",Financial strain (high cost of coaching/living),80.0,5.5,5.5,2026,6,2,Tuesday,2,1,0.18,0,1
2026-06-02 13:11:41,24-26,Female,Medical Entrance,3rd attempt,Excellent (Cleared the exam / Achieved target cutoff),100,12+ hours,5-6 hours,Online coaching apps / recorded platforms,6.0,"Chronic sleep deprivation / Insomnia, Frequent headaches or physical fatigue, Sudden mood swings or panic attacks",Fear of failure / wasting years of preparation,100.0,13.0,5.5,2026,6,2,Tuesday,3,1,1.09,0,1
2026-06-02 13:12:03,21-23,Prefer not to say,"Management / Graduate Admissions (e.g., CAT, GATE, GRE, GMAT)",3rd attempt,Below Average (Did not qualify),,4-7 hours,7-8 hours,Online coaching apps / recorded platforms,3.0,Chronic sleep deprivation / Insomnia,Seeing peers move ahead in life,80.0,5.5,7.5,2026,6,2,Tuesday,1,1,0.4,0,0
2026-06-02 13:12:59,above 26,Others,Other~,2nd attempt,N/A (I am a first-time filer and haven't given the exam yet),,7-11 hours,more than 8 hours,Offline physical coaching institutes / bootcamps,2.0,Severe social isolation (cutting off friends/family),Seeing peers move ahead in life,80.0,9.0,9.5,2026,6,2,Tuesday,1,1,0.21,0,0
2026-06-02 13:13:01,21-23,Male,Engineering Entrance,1st attempt (First-timer),Excellent (Cleared the exam / Achieved target cutoff),100,12+ hours,5-6 hours,Self-study entirely,9.0,"Chronic sleep deprivation / Insomnia, Imposter syndrome (feeling like you aren't smart enough)",Fear of failure / wasting years of preparation,100.0,13.0,5.5,2026,6,2,Tuesday,2,1,1.64,1,1
2026-06-02 13:14:15,21-23,Prefer not to say,Civil Services / Government Exams,2nd attempt,Below Average (Did not qualify),,4-7 hours,5-6 hours,Online coaching apps / recorded platforms,4.0,Frequent headaches or physical fatigue,,80.0,5.5,5.5,2026,6,2,Tuesday,1,0,0.73,0,1
2026-06-02 13:14:34,24-26,Prefer not to say,Civil Services / Government Exams,1st attempt (First-timer),Excellent (Cleared the exam / Achieved target cutoff),,7-11 hours,7-8 hours,Self-study entirely,7.0,"Chronic sleep deprivation / Insomnia, Frequent headaches or physical fatigue",Seeing peers move ahead in life,80.0,9.0,7.5,2026,6,2,Tuesday,2,1,0.93,0,0
2026-06-02 13:16:10,21-23,Prefer not to say,Medical Entrance,1st attempt (First-timer),"Average (Passed, but did not achieve the required cutoff/rank)",,less than 4,7-8 hours,Self-study entirely,3.0,Frequent headaches or physical fatigue,Financial strain (high cost of coaching/living),80.0,2.5,7.5,2026,6,2,Tuesday,1,1,0.4,0,0
2026-06-02 13:16:54,18 – 20,Male,Engineering Entrance,2nd attempt,Below Average (Did not qualify),,4-7 hours,more than 8 hours,Online coaching apps / recorded platforms,2.0,Severe social isolation (cutting off friends/family),Family expectations and societal pressure,80.0,5.5,9.5,2026,6,2,Tuesday,1,1,0.21,0,0
2026-06-02 13:17:28,21-23,Male,Medical Entrance,3rd attempt,Below Average (Did not qualify),,less than 4,7-8 hours,Self-study entirely,4.0,Chronic sleep deprivation / Insomnia,Seeing peers move ahead in life,80.0,2.5,7.5,2026,6,2,Tuesday,1,1,0.53,0,0
2026-06-02 13:18:09,18 – 20,Prefer not to say,Civil Services / Government Exams,1st attempt (First-timer),Below Average (Did not qualify),,7-11 hours,5-6 hours,Offline physical coaching institutes / bootcamps,4.0,Sudden mood swings or panic attacks,Financial strain (high cost of coaching/living),80.0,9.0,5.5,2026,6,2,Tuesday,1,1,0.73,0,1
2026-06-02 13:25:42,21-23,Female,Engineering Entrance,1st attempt (First-timer),"Average (Passed, but did not achieve the required cutoff/rank)",Na,4-7 hours,5-6 hours,Self-study entirely,6.0,,Family expectations and societal pressure,80.0,5.5,5.5,2026,6,2,Tuesday,0,1,1.09,0,1
2026-06-02 13:26:06,21-23,Male,"Engineering Entrance, Civil Services / Government Exams",1st attempt (First-timer),"Average (Passed, but did not achieve the required cutoff/rank)",,4-7 hours,5-6 hours,Online coaching apps / recorded platforms,7.0,Chronic sleep deprivation / Insomnia,Seeing peers move ahead in life,80.0,5.5,5.5,2026,6,2,Tuesday,1,1,1.27,0,1
2026-06-02 13:26:37,24-26,Female,Engineering Entrance,2nd attempt,"Average (Passed, but did not achieve the required cutoff/rank)",Na,4-7 hours,5-6 hours,Self-study entirely,5.0,,Fear of failure / wasting years of preparation,80.0,5.5,5.5,2026,6,2,Tuesday,0,1,0.91,0,1
2026-06-02 13:27:26,21-23,Male,Medical Entrance,1st attempt (First-timer),"Average (Passed, but did not achieve the required cutoff/rank)",Na,4-7 hours,less than 5 hours,Online coaching apps / recorded platforms,5.0,,Seeing peers move ahead in life,80.0,5.5,4.0,2026,6,2,Tuesday,0,1,1.25,0,1
2026-06-02 13:28:33,21-23,Male,Engineering Entrance,2nd attempt,Excellent (Cleared the exam / Achieved target cutoff),Na,7-11 hours,less than 5 hours,Offline physical coaching institutes / bootcamps,5.0,,Seeing peers move ahead in life,80.0,9.0,4.0,2026,6,2,Tuesday,0,1,1.25,0,1
2026-06-02 13:29:26,21-23,Male,Medical Entrance,2nd attempt,"Average (Passed, but did not achieve the required cutoff/rank)",Na,7-11 hours,less than 5 hours,Offline physical coaching institutes / bootcamps,5.0,,Family expectations and societal pressure,80.0,9.0,4.0,2026,6,2,Tuesday,0,1,1.25,0,1
2026-06-02 13:30:07,21-23,Female,Engineering Entrance,1st attempt (First-timer),"Average (Passed, but did not achieve the required cutoff/rank)",Na,7-11 hours,less than 5 hours,Self-study entirely,5.0,,Seeing peers move ahead in life,80.0,9.0,4.0,2026,6,2,Tuesday,0,1,1.25,0,1
2026-06-02 13:31:07,24-26,Male,Engineering Entrance,3rd attempt,"Average (Passed, but did not achieve the required cutoff/rank)",Na,4-7 hours,5-6 hours,Self-study entirely,5.0,"Frequent headaches or physical fatigue, None",Seeing peers move ahead in life,80.0,5.5,5.5,2026,6,2,Tuesday,2,1,0.91,0,1
2026-06-02 13:31:44,Under 18,Male,Engineering Entrance,2nd attempt,Excellent (Cleared the exam / Achieved target cutoff),,less than 4,less than 5 hours,Self-study entirely,10.0,Other,Fear of failure / wasting years of preparation,80.0,2.5,4.0,2026,6,2,Tuesday,1,1,2.5,1,1
2026-06-02 14:14:31,21-23,Female,Engineering Entrance,2nd attempt,"Average (Passed, but did not achieve the required cutoff/rank)",,4-7 hours,5-6 hours,Online coaching apps / recorded platforms,8.0,Severe social isolation (cutting off friends/family),Financial strain (high cost of coaching/living),80.0,5.5,5.5,2026,6,2,Tuesday,1,1,1.45,1,1
2026-06-02 14:31:12,21-23,Female,Civil Services / Government Exams,3rd attempt,"Average (Passed, but did not achieve the required cutoff/rank)",,4-7 hours,7-8 hours,Offline physical coaching institutes / bootcamps,5.0,Sudden mood swings or panic attacks,Seeing peers move ahead in life,80.0,5.5,7.5,2026,6,2,Tuesday,1,1,0.67,0,0
2026-06-02 14:32:04,Under 18,Prefer not to say,Civil Services / Government Exams,2nd attempt,Below Average (Did not qualify),,4-7 hours,7-8 hours,Online coaching apps / recorded platforms,4.0,Severe social isolation (cutting off friends/family),Seeing peers move ahead in life,80.0,5.5,7.5,2026,6,2,Tuesday,1,1,0.53,0,0
2026-06-02 14:33:15,24-26,Female,"Management / Graduate Admissions (e.g., CAT, GATE, GRE, GMAT)",2nd attempt,"Average (Passed, but did not achieve the required cutoff/rank)",,less than 4,5-6 hours,Self-study entirely,3.0,Severe social isolation (cutting off friends/family),Fear of failure / wasting years of preparation,80.0,2.5,5.5,2026,6,2,Tuesday,1,1,0.55,0,1
2026-06-02 14:33:46,21-23,Male,Engineering Entrance,1st attempt (First-timer),N/A (I am a first-time filer and haven't given the exam yet),,4-7 hours,5-6 hours,Self-study entirely,8.0,"Severe social isolation (cutting off friends/family), Frequent headaches or physical fatigue, Sudden mood swings or panic attacks",Family expectations and societal pressure,80.0,5.5,5.5,2026,6,2,Tuesday,3,1,1.45,1,1
2026-06-02 14:34:13,above 26,Female,"Management / Graduate Admissions (e.g., CAT, GATE, GRE, GMAT)",2nd attempt,Below Average (Did not qualify),,less than 4,less than 5 hours,Self-study entirely,3.0,Imposter syndrome (feeling like you aren't smart enough),Financial strain (high cost of coaching/living),80.0,2.5,4.0,2026,6,2,Tuesday,1,1,0.75,0,1
2026-06-02 14:35:02,21-23,Prefer not to say,Medical Entrance,1st attempt (First-timer),"Average (Passed, but did not achieve the required cutoff/rank)",,7-11 hours,5-6 hours,Online coaching apps / recorded platforms,3.0,Chronic sleep deprivation / Insomnia,Financial strain (high cost of coaching/living),80.0,9.0,5.5,2026,6,2,Tuesday,1,1,0.55,0,1
2026-06-02 14:35:18,18 – 20,Female,Civil Services / Government Exams,2nd attempt,"Average (Passed, but did not achieve the required cutoff/rank)",,4-7 hours,5-6 hours,Self-study entirely,8.0,"Chronic sleep deprivation / Insomnia, Frequent headaches or physical fatigue","Fear of failure / wasting years of preparation, Financial strain (high cost of coaching/living)",80.0,5.5,5.5,2026,6,2,Tuesday,2,2,1.45,1,1
2026-06-02 14:36:45,21-23,Female,Civil Services / Government Exams,2nd attempt,Below Average (Did not qualify),,4-7 hours,less than 5 hours,Online coaching apps / recorded platforms,4.0,Sudden mood swings or panic attacks,Seeing peers move ahead in life,80.0,5.5,4.0,2026,6,2,Tuesday,1,1,1.0,0,1
2026-06-02 14:36:46,24-26,Male,Engineering Entrance,3rd attempt,"Average (Passed, but did not achieve the required cutoff/rank)",,4-7 hours,less than 5 hours,Online coaching apps / recorded platforms,9.0,"Severe social isolation (cutting off friends/family), Frequent headaches or physical fatigue, Sudden mood swings or panic attacks","Family expectations and societal pressure, Seeing peers move ahead in life",80.0,5.5,4.0,2026,6,2,Tuesday,3,2,2.25,1,1
2026-06-02 14:36:48,21-23,Female,Engineering Entrance,1st attempt (First-timer),"Average (Passed, but did not achieve the required cutoff/rank)",na,4-7 hours,5-6 hours,Self-study entirely,5.0,Sudden mood swings or panic attacks,Family expectations and societal pressure,80.0,5.5,5.5,2026,6,2,Tuesday,1,1,0.91,0,1
2026-06-02 14:38:07,24-26,Male,Medical Entrance,3rd attempt,Excellent (Cleared the exam / Achieved target cutoff),na,7-11 hours,less than 5 hours,Offline physical coaching institutes / bootcamps,4.0,Imposter syndrome (feeling like you aren't smart enough),Seeing peers move ahead in life,80.0,9.0,4.0,2026,6,2,Tuesday,1,1,1.0,0,1
2026-06-02 14:38:34,above 26,Female,Medical Entrance,3rd attempt,"Average (Passed, but did not achieve the required cutoff/rank)",,less than 4,7-8 hours,Online coaching apps / recorded platforms,9.0,Frequent headaches or physical fatigue,Family expectations and societal pressure,80.0,2.5,7.5,2026,6,2,Tuesday,1,1,1.2,1,0
2026-06-02 14:39:14,24-26,Female,"Medical Entrance, Civil Services / Government Exams",2nd attempt,"Average (Passed, but did not achieve the required cutoff/rank)",,7-11 hours,5-6 hours,,9.0,Imposter syndrome (feeling like you aren't smart enough),"Fear of failure / wasting years of preparation, Family expectations and societal pressure",80.0,9.0,5.5,2026,6,2,Tuesday,1,2,1.64,1,1
2026-06-02 14:39:29,21-23,Female,"Management / Graduate Admissions (e.g., CAT, GATE, GRE, GMAT)",4 or more attempts,"Average (Passed, but did not achieve the required cutoff/rank)",nope,7-11 hours,5-6 hours,Self-study entirely,6.0,Severe social isolation (cutting off friends/family),Seeing peers move ahead in life,80.0,9.0,5.5,2026,6,2,Tuesday,1,1,1.09,0,1
2026-06-02 14:39:37,18 – 20,Female,Engineering Entrance,1st attempt (First-timer),"Average (Passed, but did not achieve the required cutoff/rank)",,7-11 hours,7-8 hours,Self-study entirely,6.0,Sudden mood swings or panic attacks,Financial strain (high cost of coaching/living),80.0,9.0,7.5,2026,6,2,Tuesday,1,1,0.8,0,0
2026-06-02 14:40:12,21-23,Male,Medical Entrance,2nd attempt,"Average (Passed, but did not achieve the required cutoff/rank)",,4-7 hours,7-8 hours,Online coaching apps / recorded platforms,2.0,Severe social isolation (cutting off friends/family),Seeing peers move ahead in life,80.0,5.5,7.5,2026,6,2,Tuesday,1,1,0.27,0,0
2026-06-02 14:40:40,24-26,Male,Engineering Entrance,2nd attempt,"Average (Passed, but did not achieve the required cutoff/rank)",nope,7-11 hours,5-6 hours,Self-study entirely,5.0,,Fear of failure / wasting years of preparation,80.0,9.0,5.5,2026,6,2,Tuesday,0,1,0.91,0,1
2026-06-02 14:40:50,21-23,Male,Civil Services / Government Exams,3rd attempt,Below Average (Did not qualify),,7-11 hours,5-6 hours,Offline physical coaching institutes / bootcamps,8.0,Sudden mood swings or panic attacks,Financial strain (high cost of coaching/living),80.0,9.0,5.5,2026,6,2,Tuesday,1,1,1.45,1,1
2026-06-02 14:41:21,21-23,Prefer not to say,"Management / Graduate Admissions (e.g., CAT, GATE, GRE, GMAT)",1st attempt (First-timer),N/A (I am a first-time filer and haven't given the exam yet),,7-11 hours,7-8 hours,Self-study entirely,4.0,Sudden mood swings or panic attacks,Financial strain (high cost of coaching/living),80.0,9.0,7.5,2026,6,2,Tuesday,1,1,0.53,0,0
2026-06-02 14:41:50,21-23,Female,Medical Entrance,1st attempt (First-timer),Excellent (Cleared the exam / Achieved target cutoff),na,4-7 hours,5-6 hours,Online coaching apps / recorded platforms,4.0,,Financial strain (high cost of coaching/living),80.0,5.5,5.5,2026,6,2,Tuesday,0,1,0.73,0,1
2026-06-02 14:41:59,18 – 20,Prefer not to say,Medical Entrance,2nd attempt,"Average (Passed, but did not achieve the required cutoff/rank)",na,less than 4,less than 5 hours,,6.0,"Severe social isolation (cutting off friends/family), Frequent headaches or physical fatigue",Family expectations and societal pressure,80.0,2.5,4.0,2026,6,2,Tuesday,2,1,1.5,0,1
2026-06-02 14:43:15,24-26,Female,"Management / Graduate Admissions (e.g., CAT, GATE, GRE, GMAT)",4 or more attempts,Below Average (Did not qualify),,4-7 hours,less than 5 hours,,4.0,Sudden mood swings or panic attacks,"Fear of failure / wasting years of preparation, Family expectations and societal pressure",80.0,5.5,4.0,2026,6,2,Tuesday,1,2,1.0,0,1
2026-06-02 14:43:44,Under 18,Prefer not to say,Civil Services / Government Exams,2nd attempt,Below Average (Did not qualify),,7-11 hours,5-6 hours,Online coaching apps / recorded platforms,4.0,Sudden mood swings or panic attacks,Financial strain (high cost of coaching/living),80.0,9.0,5.5,2026,6,2,Tuesday,1,1,0.73,0,1
2026-06-02 14:44:07,21-23,Male,Engineering Entrance,2nd attempt,"Average (Passed, but did not achieve the required cutoff/rank)",no,7-11 hours,5-6 hours,Online coaching apps / recorded platforms,7.0,Frequent headaches or physical fatigue,Financial strain (high cost of coaching/living),80.0,9.0,5.5,2026,6,2,Tuesday,1,1,1.27,0,1
2026-06-02 14:44:20,21-23,Female,Other~,3rd attempt,"Average (Passed, but did not achieve the required cutoff/rank)",,4-7 hours,5-6 hours,Online coaching apps / recorded platforms,6.0,Severe social isolation (cutting off friends/family),"Family expectations and societal pressure, Financial strain (high cost of coaching/living)",80.0,5.5,5.5,2026,6,2,Tuesday,1,2,1.09,0,1
2026-06-02 14:44:48,24-26,Prefer not to say,Medical Entrance,3rd attempt,Below Average (Did not qualify),,7-11 hours,less than 5 hours,Online coaching apps / recorded platforms,6.0,Frequent headaches or physical fatigue,Seeing peers move ahead in life,80.0,9.0,4.0,2026,6,2,Tuesday,1,1,1.5,0,1
2026-06-02 14:46:40,18 – 20,Female,Medical Entrance,2nd attempt,"Average (Passed, but did not achieve the required cutoff/rank)",,7-11 hours,5-6 hours,Online coaching apps / recorded platforms,10.0,Sudden mood swings or panic attacks,Family expectations and societal pressure,80.0,9.0,5.5,2026,6,2,Tuesday,1,1,1.82,1,1
2026-06-02 14:47:35,21-23,Female,Engineering Entrance,3rd attempt,Below Average (Did not qualify),,7-11 hours,5-6 hours,Online coaching apps / recorded platforms,6.0,Sudden mood swings or panic attacks,Fear of failure / wasting years of preparation,80.0,9.0,5.5,2026,6,2,Tuesday,1,1,1.09,0,1
2026-06-02 14:47:45,21-23,Female,Medical Entrance,2nd attempt,"Average (Passed, but did not achieve the required cutoff/rank)",,4-7 hours,5-6 hours,Online coaching apps / recorded platforms,7.0,,Seeing peers move ahead in life,80.0,5.5,5.5,2026,6,2,Tuesday,0,1,1.27,0,1
2026-06-02 14:47:48,24-26,Male,Medical Entrance,3rd attempt,"Average (Passed, but did not achieve the required cutoff/rank)",,7-11 hours,5-6 hours,Self-study entirely,5.0,,Seeing peers move ahead in life,80.0,9.0,5.5,2026,6,2,Tuesday,0,1,0.91,0,1
2026-06-02 14:49:09,18 – 20,Female,Engineering Entrance,4 or more attempts,Below Average (Did not qualify),230,12+ hours,5-6 hours,Self-study entirely,7.0,Sudden mood swings or panic attacks,"Fear of failure / wasting years of preparation, Seeing peers move ahead in life",80.0,13.0,5.5,2026,6,2,Tuesday,1,2,1.27,0,1
2026-06-02 14:49:10,24-26,Female,Civil Services / Government Exams,3rd attempt,Excellent (Cleared the exam / Achieved target cutoff),98,4-7 hours,5-6 hours,Self-study entirely,10.0,Sudden mood swings or panic attacks,Family expectations and societal pressure,98.0,5.5,5.5,2026,6,2,Tuesday,1,1,1.82,1,1
2026-06-02 14:49:37,21-23,Female,"Management / Graduate Admissions (e.g., CAT, GATE, GRE, GMAT)",3rd attempt,Below Average (Did not qualify),,4-7 hours,7-8 hours,Self-study entirely,4.0,,NO,80.0,5.5,7.5,2026,6,2,Tuesday,0,1,0.53,0,0
2026-06-02 14:50:07,24-26,Male,Civil Services / Government Exams,3rd attempt,Below Average (Did not qualify),,12+ hours,5-6 hours,Online coaching apps / recorded platforms,5.0,Frequent headaches or physical fatigue,Financial strain (high cost of coaching/living),80.0,13.0,5.5,2026,6,2,Tuesday,1,1,0.91,0,1
2026-06-02 14:50:56,18 – 20,Female,Civil Services / Government Exams,1st attempt (First-timer),Below Average (Did not qualify),193,4-7 hours,7-8 hours,Offline physical coaching institutes / bootcamps,7.0,Imposter syndrome (feeling like you aren't smart enough),Fear of failure / wasting years of preparation,80.0,5.5,7.5,2026,6,2,Tuesday,1,1,0.93,0,0
2026-06-02 14:51:07,21-23,Male,"Management / Graduate Admissions (e.g., CAT, GATE, GRE, GMAT)",2nd attempt,"Average (Passed, but did not achieve the required cutoff/rank)",78,7-11 hours,7-8 hours,Online coaching apps / recorded platforms,6.0,"Severe social isolation (cutting off friends/family), Frequent headaches or physical fatigue","Family expectations and societal pressure, Seeing peers move ahead in life",78.0,9.0,7.5,2026,6,2,Tuesday,2,2,0.8,0,0
2026-06-02 14:51:15,21-23,Male,Other~,1st attempt (First-timer),"Average (Passed, but did not achieve the required cutoff/rank)",,4-7 hours,5-6 hours,Online coaching apps / recorded platforms,4.0,Imposter syndrome (feeling like you aren't smart enough),,80.0,5.5,5.5,2026,6,2,Tuesday,1,0,0.73,0,1
2026-06-02 14:55:04,24-26,Female,Medical Entrance,2nd attempt,"Average (Passed, but did not achieve the required cutoff/rank)",98 PERCENTILE,7-11 hours,7-8 hours,Self-study entirely,6.0,"Chronic sleep deprivation / Insomnia, Severe social isolation (cutting off friends/family)","Fear of failure / wasting years of preparation, Family expectations and societal pressure",98.0,9.0,7.5,2026,6,2,Tuesday,2,2,0.8,0,0
2026-06-02 15:08:28,21-23,Male,Engineering Entrance,2nd attempt,"Average (Passed, but did not achieve the required cutoff/rank)",92,4-7 hours,5-6 hours,Self-study entirely,4.0,"Chronic sleep deprivation / Insomnia, Severe social isolation (cutting off friends/family), Frequent headaches or physical fatigue, Sudden mood swings or panic attacks","Fear of failure / wasting years of preparation, Family expectations and societal pressure, Seeing peers move ahead in life, Financial strain (high cost of coaching/living)",92.0,5.5,5.5,2026,6,2,Tuesday,4,4,0.73,0,1
2026-06-02 15:30:22,18 – 20,Male,Engineering Entrance,2nd attempt,"Average (Passed, but did not achieve the required cutoff/rank)",98,7-11 hours,5-6 hours,Online coaching apps / recorded platforms,2.0,Severe social isolation (cutting off friends/family),Financial strain (high cost of coaching/living),98.0,9.0,5.5,2026,6,2,Tuesday,1,1,0.36,0,1
2026-06-02 16:07:59,18 – 20,Male,Engineering Entrance,1st attempt (First-timer),"Average (Passed, but did not achieve the required cutoff/rank)",90,less than 4,more than 8 hours,Self-study entirely,5.0,Sudden mood swings or panic attacks,"Fear of failure / wasting years of preparation, Family expectations and societal pressure, Seeing peers move ahead in life",90.0,2.5,9.5,2026,6,2,Tuesday,1,3,0.53,0,0
2026-06-02 16:56:39,Under 18,Male,Other~,1st attempt (First-timer),Excellent (Cleared the exam / Achieved target cutoff),,less than 4,more than 8 hours,Self-study entirely,10.0,Frequent headaches or physical fatigue,Seeing peers move ahead in life,80.0,2.5,9.5,2026,6,2,Tuesday,1,1,1.05,1,0
2026-06-02 17:16:43,24-26,Male,Other~,1st attempt (First-timer),Excellent (Cleared the exam / Achieved target cutoff),72,7-11 hours,less than 5 hours,Self-study entirely,5.0,Chronic sleep deprivation / Insomnia,Financial strain (high cost of coaching/living),72.0,9.0,4.0,2026,6,2,Tuesday,1,1,1.25,0,1
2026-06-02 17:16:19,18 – 20,Male,Engineering Entrance,1st attempt (First-timer),Excellent (Cleared the exam / Achieved target cutoff),,7-11 hours,5-6 hours,Online coaching apps / recorded platforms,7.0,"Chronic sleep deprivation / Insomnia, Severe social isolation (cutting off friends/family), Sudden mood swings or panic attacks, Imposter syndrome (feeling like you aren't smart enough)","Fear of failure / wasting years of preparation, Family expectations and societal pressure",80.0,9.0,5.5,2026,6,2,Tuesday,4,2,1.27,0,1
2026-06-02 17:50:54,18 – 20,Male,Engineering Entrance,1st attempt (First-timer),"Average (Passed, but did not achieve the required cutoff/rank)",40,less than 4,less than 5 hours,Offline physical coaching institutes / bootcamps,1.0,,Family expectations and societal pressure,40.0,2.5,4.0,2026,6,2,Tuesday,0,1,0.25,0,1
2026-06-02 20:42:33,24-26,Male,Civil Services / Government Exams,4 or more attempts,"Average (Passed, but did not achieve the required cutoff/rank)",85,4-7 hours,5-6 hours,Self-study entirely,5.0,,Financial strain (high cost of coaching/living),85.0,5.5,5.5,2026,6,2,Tuesday,0,1,0.91,0,1
2026-06-02 22:28:44,18 – 20,Female,Other~,1st attempt (First-timer),"Average (Passed, but did not achieve the required cutoff/rank)",150/300,less than 4,7-8 hours,Self-study entirely,8.0,"Severe social isolation (cutting off friends/family), Imposter syndrome (feeling like you aren't smart enough)","Fear of failure / wasting years of preparation, Seeing peers move ahead in life",80.0,2.5,7.5,2026,6,2,Tuesday,2,2,1.07,1,0
2026-06-02 22:52:47,18 – 20,Male,Engineering Entrance,1st attempt (First-timer),"Average (Passed, but did not achieve the required cutoff/rank)",82,4-7 hours,5-6 hours,Online coaching apps / recorded platforms,3.0,I was getting tired of exams,Family expectations and societal pressure,82.0,5.5,5.5,2026,6,2,Tuesday,1,1,0.55,0,1
2026-06-02 23:02:40,Under 18,Male,Engineering Entrance,2nd attempt,Excellent (Cleared the exam / Achieved target cutoff),,7-11 hours,5-6 hours,,10.0,Severe social isolation (cutting off friends/family),Fear of failure / wasting years of preparation,80.0,9.0,5.5,2026,6,2,Tuesday,1,1,1.82,1,1
2026-06-03 00:06:30,21-23,Male,Engineering Entrance,1st attempt (First-timer),"Average (Passed, but did not achieve the required cutoff/rank)",,less than 4,7-8 hours,Self-study entirely,7.0,,,80.0,2.5,7.5,2026,6,3,Wednesday,0,0,0.93,0,0
2026-06-03 09:10:22,21-23,Male,Other~,1st attempt (First-timer),N/A (I am a first-time filer and haven't given the exam yet),,less than 4,7-8 hours,Self-study entirely,4.0,Chronic sleep deprivation / Insomnia,Financial strain (high cost of coaching/living),80.0,2.5,7.5,2026,6,3,Wednesday,1,1,0.53,0,0
2026-06-03 11:33:45,24-26,Female,"Medical Entrance, Other~",3rd attempt,"Average (Passed, but did not achieve the required cutoff/rank)",65,4-7 hours,7-8 hours,Self-study entirely,7.0,"Frequent headaches or physical fatigue, Sudden mood swings or panic attacks, Imposter syndrome (feeling like you aren't smart enough)","Fear of failure / wasting years of preparation, Family expectations and societal pressure, Seeing peers move ahead in life, Financial strain (high cost of coaching/living)",65.0,5.5,7.5,2026,6,3,Wednesday,3,4,0.93,0,0
2026-06-03 11:34:11,18 – 20,Male,Engineering Entrance,1st attempt (First-timer),"Average (Passed, but did not achieve the required cutoff/rank)",,less than 4,7-8 hours,Self-study entirely,5.0,,Family expectations and societal pressure,80.0,2.5,7.5,2026,6,3,Wednesday,0,1,0.67,0,0
2026-06-03 11:52:19,21-23,Male,"Management / Graduate Admissions (e.g., CAT, GATE, GRE, GMAT)",1st attempt (First-timer),Below Average (Did not qualify),,4-7 hours,5-6 hours,Self-study entirely,4.0,Chronic sleep deprivation / Insomnia,Fear of failure / wasting years of preparation,80.0,5.5,5.5,2026,6,3,Wednesday,1,1,0.73,0,1
2026-06-03 11:52:39,18 – 20,Female,Medical Entrance,2nd attempt,"Average (Passed, but did not achieve the required cutoff/rank)",55,4-7 hours,7-8 hours,Self-study entirely,10.0,"Chronic sleep deprivation / Insomnia, Frequent headaches or physical fatigue, Sudden mood swings or panic attacks",Family expectations and societal pressure,55.0,5.5,7.5,2026,6,3,Wednesday,3,1,1.33,1,0
2026-06-03 11:53:54,18 – 20,Male,Engineering Entrance,1st attempt (First-timer),Excellent (Cleared the exam / Achieved target cutoff),,4-7 hours,5-6 hours,Self-study entirely,6.0,"Chronic sleep deprivation / Insomnia, Severe social isolation (cutting off friends/family)",Fear of failure / wasting years of preparation,80.0,5.5,5.5,2026,6,3,Wednesday,2,1,1.09,0,1
2026-06-03 11:54:51,21-23,Female,Engineering Entrance,1st attempt (First-timer),"Average (Passed, but did not achieve the required cutoff/rank)",,7-11 hours,5-6 hours,Online coaching apps / recorded platforms,5.0,Sudden mood swings or panic attacks,Fear of failure / wasting years of preparation,80.0,9.0,5.5,2026,6,3,Wednesday,1,1,0.91,0,1
2026-06-03 11:55:48,18 – 20,Female,Engineering Entrance,2nd attempt,"Average (Passed, but did not achieve the required cutoff/rank)",,4-7 hours,7-8 hours,Self-study entirely,4.0,"Severe social isolation (cutting off friends/family), Sudden mood swings or panic attacks",Family expectations and societal pressure,80.0,5.5,7.5,2026,6,3,Wednesday,2,1,0.53,0,0
2026-06-03 11:59:40,Under 18,Male,Other~,1st attempt (First-timer),N/A (I am a first-time filer and haven't given the exam yet),,less than 4,less than 5 hours,Self-study entirely,4.0,Chronic sleep deprivation / Insomnia,Financial strain (high cost of coaching/living),80.0,2.5,4.0,2026,6,3,Wednesday,1,1,1.0,0,1
2026-06-03 12:10:37,18 – 20,Female,Other~,1st attempt (First-timer),"Average (Passed, but did not achieve the required cutoff/rank)",,12+ hours,7-8 hours,Self-study entirely,9.0,,Fear of failure / wasting years of preparation,80.0,13.0,7.5,2026,6,3,Wednesday,0,1,1.2,1,0
2026-06-03 12:13:25,18 – 20,Female,Other~,1st attempt (First-timer),N/A (I am a first-time filer and haven't given the exam yet),78,12+ hours,7-8 hours,Online coaching apps / recorded platforms,8.0,,,78.0,13.0,7.5,2026,6,3,Wednesday,0,0,1.07,1,0
2026-06-03 12:16:57,18 – 20,Male,Civil Services / Government Exams,4 or more attempts,Excellent (Cleared the exam / Achieved target cutoff),99.72 percentile in ssc chsl,7-11 hours,more than 8 hours,Self-study entirely,1.0,Frequent headaches or physical fatigue,Family expectations and societal pressure,99.72,9.0,9.5,2026,6,3,Wednesday,1,1,0.11,0,0
2026-06-03 12:27:29,above 26,Female,Civil Services / Government Exams,4 or more attempts,"Average (Passed, but did not achieve the required cutoff/rank)",79,4-7 hours,5-6 hours,Online coaching apps / recorded platforms,10.0,"Chronic sleep deprivation / Insomnia, Severe social isolation (cutting off friends/family), Frequent headaches or physical fatigue, Sudden mood swings or panic attacks, Imposter syndrome (feeling like you aren't smart enough)","Fear of failure / wasting years of preparation, Family expectations and societal pressure, Seeing peers move ahead in life",79.0,5.5,5.5,2026,6,3,Wednesday,5,3,1.82,1,1
2026-06-03 12:32:09,above 26,Male,"Civil Services / Government Exams, Other~",4 or more attempts,"Average (Passed, but did not achieve the required cutoff/rank)",75,4-7 hours,less than 5 hours,Self-study entirely,7.0,"Chronic sleep deprivation / Insomnia, Severe social isolation (cutting off friends/family)","Fear of failure / wasting years of preparation, Family expectations and societal pressure, Seeing peers move ahead in life, Financial strain (high cost of coaching/living)",75.0,5.5,4.0,2026,6,3,Wednesday,2,4,1.75,0,1
2026-06-03 12:52:26,above 26,Female,Other~,1st attempt (First-timer),"Average (Passed, but did not achieve the required cutoff/rank)",,4-7 hours,5-6 hours,Self-study entirely,7.0,,Fear of failure / wasting years of preparation,80.0,5.5,5.5,2026,6,3,Wednesday,0,1,1.27,0,1
2026-06-03 13:55:14,Under 18,Female,Engineering Entrance,1st attempt (First-timer),N/A (I am a first-time filer and haven't given the exam yet),,less than 4,,Online coaching apps / recorded platforms,6.0,Chronic sleep deprivation / Insomnia,Family expectations and societal pressure,80.0,2.5,5.5,2026,6,3,Wednesday,1,1,1.09,0,1
2026-06-03 14:59:59,21-23,Male,"Management / Graduate Admissions (e.g., CAT, GATE, GRE, GMAT)",1st attempt (First-timer),Excellent (Cleared the exam / Achieved target cutoff),90,less than 4,more than 8 hours,Self-study entirely,9.0,,Fear of failure / wasting years of preparation,90.0,2.5,9.5,2026,6,3,Wednesday,0,1,0.95,1,0
2026-06-03 16:42:38,Under 18,Male,"Engineering Entrance, Civil Services / Government Exams",1st attempt (First-timer),Below Average (Did not qualify),39,less than 4,more than 8 hours,Self-study entirely,5.0,"Frequent headaches or physical fatigue, Sudden mood swings or panic attacks","Fear of failure / wasting years of preparation, Family expectations and societal pressure",39.0,2.5,9.5,2026,6,3,Wednesday,2,2,0.53,0,0
2026-06-03 16:42:57,Under 18,Male,Civil Services / Government Exams,1st attempt (First-timer),"Average (Passed, but did not achieve the required cutoff/rank)",,4-7 hours,7-8 hours,Offline physical coaching institutes / bootcamps,5.0,,"Fear of failure / wasting years of preparation, Family expectations and societal pressure",80.0,5.5,7.5,2026,6,3,Wednesday,0,2,0.67,0,0
2026-06-03 17:40:36,18 – 20,Female,Engineering Entrance,1st attempt (First-timer),"Average (Passed, but did not achieve the required cutoff/rank)",85.92,12+ hours,less than 5 hours,Online coaching apps / recorded platforms,9.0,"Chronic sleep deprivation / Insomnia, Severe social isolation (cutting off friends/family), Frequent headaches or physical fatigue, Sudden mood swings or panic attacks, Imposter syndrome (feeling like you aren't smart enough), ","Fear of failure / wasting years of preparation, Family expectations and societal pressure, Seeing peers move ahead in life, Financial strain (high cost of coaching/living)",85.92,13.0,4.0,2026,6,3,Wednesday,6,4,2.25,1,1
2026-06-03 17:46:30,21-23,Male,Engineering Entrance,1st attempt (First-timer),"Average (Passed, but did not achieve the required cutoff/rank)",,less than 4,less than 5 hours,Self-study entirely,2.0,,Fear of failure / wasting years of preparation,80.0,2.5,4.0,2026,6,3,Wednesday,0,1,0.5,0,1
2026-06-03 17:49:56,18 – 20,Male,"Engineering Entrance, Management / Graduate Admissions (e.g., CAT, GATE, GRE, GMAT)",1st attempt (First-timer),Excellent (Cleared the exam / Achieved target cutoff),93,4-7 hours,less than 5 hours,Self-study entirely,7.0,"Chronic sleep deprivation / Insomnia, Severe social isolation (cutting off friends/family), Frequent headaches or physical fatigue, Sudden mood swings or panic attacks, Imposter syndrome (feeling like you aren't smart enough)","Fear of failure / wasting years of preparation, Family expectations and societal pressure, Seeing peers move ahead in life",93.0,5.5,4.0,2026,6,3,Wednesday,5,3,1.75,0,1
2026-06-03 17:50:43,24-26,Male,"Engineering Entrance, Management / Graduate Admissions (e.g., CAT, GATE, GRE, GMAT)",1st attempt (First-timer),"Average (Passed, but did not achieve the required cutoff/rank)",,4-7 hours,5-6 hours,Online coaching apps / recorded platforms,7.0,"Chronic sleep deprivation / Insomnia, Severe social isolation (cutting off friends/family), Frequent headaches or physical fatigue, Sudden mood swings or panic attacks, Imposter syndrome (feeling like you aren't smart enough)","Fear of failure / wasting years of preparation, Family expectations and societal pressure, Seeing peers move ahead in life",80.0,5.5,5.5,2026,6,3,Wednesday,5,3,1.27,0,1
2026-06-03 18:04:26,above 26,Female,Engineering Entrance,1st attempt (First-timer),Excellent (Cleared the exam / Achieved target cutoff),,less than 4,5-6 hours,Self-study entirely,10.0,Severe social isolation (cutting off friends/family),Fear of failure / wasting years of preparation,80.0,2.5,5.5,2026,6,3,Wednesday,1,1,1.82,1,1
2026-06-03 18:05:06,18 – 20,Male,Engineering Entrance,2nd attempt,"Average (Passed, but did not achieve the required cutoff/rank)",89,4-7 hours,5-6 hours,Offline physical coaching institutes / bootcamps,8.0,"Chronic sleep deprivation / Insomnia, Severe social isolation (cutting off friends/family), Frequent headaches or physical fatigue","Fear of failure / wasting years of preparation, Family expectations and societal pressure",89.0,5.5,5.5,2026,6,3,Wednesday,3,2,1.45,1,1
2026-06-03 18:16:21,18 – 20,Female,Engineering Entrance,1st attempt (First-timer),Below Average (Did not qualify),,4-7 hours,less than 5 hours,Self-study entirely,5.0,Imposter syndrome (feeling like you aren't smart enough),Family expectations and societal pressure,80.0,5.5,4.0,2026,6,3,Wednesday,1,1,1.25,0,1
2026-06-03 19:16:07,18 – 20,Male,Engineering Entrance,1st attempt (First-timer),Excellent (Cleared the exam / Achieved target cutoff),,less than 4,5-6 hours,Self-study entirely,6.0,,"Fear of failure / wasting years of preparation, Family expectations and societal pressure, Financial strain (high cost of coaching/living)",80.0,2.5,5.5,2026,6,3,Wednesday,0,3,1.09,0,1
2026-06-03 19:34:43,Under 18,Female,Civil Services / Government Exams,3rd attempt,Below Average (Did not qualify),,7-11 hours,5-6 hours,Offline physical coaching institutes / bootcamps,7.0,"Chronic sleep deprivation / Insomnia, Severe social isolation (cutting off friends/family), Imposter syndrome (feeling like you aren't smart enough)","Fear of failure / wasting years of preparation, Family expectations and societal pressure, Seeing peers move ahead in life, Financial strain (high cost of coaching/living)",80.0,9.0,5.5,2026,6,3,Wednesday,3,4,1.27,0,1
2026-06-03 20:51:56,above 26,Male,Other~,2nd attempt,"Average (Passed, but did not achieve the required cutoff/rank)",,less than 4,5-6 hours,Online coaching apps / recorded platforms,9.0,"Severe social isolation (cutting off friends/family), Frequent headaches or physical fatigue",Fear of failure / wasting years of preparation,80.0,2.5,5.5,2026,6,3,Wednesday,2,1,1.64,1,1
2026-06-04 09:39:02,above 26,Male,Civil Services / Government Exams,1st attempt (First-timer),Excellent (Cleared the exam / Achieved target cutoff),,4-7 hours,5-6 hours,Online coaching apps / recorded platforms,5.0,,Family expectations and societal pressure,80.0,5.5,5.5,2026,6,4,Thursday,0,1,0.91,0,1
2026-06-04 10:02:01,above 26,Male,Other~,2nd attempt,"Average (Passed, but did not achieve the required cutoff/rank)",,4-7 hours,5-6 hours,Self-study entirely,8.0,"Frequent headaches or physical fatigue, Sudden mood swings or panic attacks","Family expectations and societal pressure, Seeing peers move ahead in life",80.0,5.5,5.5,2026,6,4,Thursday,2,2,1.45,1,1
2026-06-05 06:18:51,18 – 20,Male,"Engineering Entrance, Management / Graduate Admissions (e.g., CAT, GATE, GRE, GMAT)",1st attempt (First-timer),"Average (Passed, but did not achieve the required cutoff/rank)",,4-7 hours,7-8 hours,Self-study entirely,8.0,Chronic sleep deprivation / Insomnia,Seeing peers move ahead in life,80.0,5.5,7.5,2026,6,5,Friday,1,1,1.07,1,0
2026-06-06 16:50:46,above 26,Male,Other~,1st attempt (First-timer),N/A (I am a first-time filer and haven't given the exam yet),,less than 4,7-8 hours,Self-study entirely,5.0,Once for few minutes I was not able to see anything may be because of sleep,I was not taking any stress just taking it like a project.,80.0,2.5,7.5,2026,6,6,Saturday,1,1,0.67,0,0
2026-06-07 01:47:26,18 – 20,Female,Civil Services / Government Exams,1st attempt (First-timer),N/A (I am a first-time filer and haven't given the exam yet),,7-11 hours,5-6 hours,Online coaching apps / recorded platforms,7.0,"Severe social isolation (cutting off friends/family), Imposter syndrome (feeling like you aren't smart enough)","Fear of failure / wasting years of preparation, Seeing peers move ahead in life",80.0,9.0,5.5,2026,6,7,Sunday,2,2,1.27,0,1
